id,State,City,Forecast Number,Date,Main Condition,Condition Description,Icon,Low Temperature,High Temperature,Humidity Percentage,Wind MPH,Wind Direction,Rain Inches,Snow Inches,Pressure,Cloud Percent,UTC Timestamp,Timezone Offset
1,Alaska,Anchorage,1,Wed 11/25,Clouds,broken clouds,http://openweathermap.org/img/wn/04d@2x.png,20.59,29.86,93,4,N,0,0,1005,72,1606251600,-32400
2,Alaska,Anchorage,2,Thu 11/26,Snow,snow,http://openweathermap.org/img/wn/13d@2x.png,25.12,27.84,94,13,N,0,5.11,988,89,1606338000,-32400
3,Alaska,Anchorage,3,Fri 11/27,Clouds,broken clouds,http://openweathermap.org/img/wn/04d@2x.png,26.13,32.02,91,5,S,0,0,1002,59,1606424400,-32400
4,Alaska,Anchorage,4,Sat 11/28,Snow,light snow,http://openweathermap.org/img/wn/13d@2x.png,25.47,30.4,97,2,NW,0,0.99,1005,100,1606510800,-32400
5,Alaska,Anchorage,5,Sun 11/29,Rain,light rain,http://openweathermap.org/img/wn/10d@2x.png,25.9,32.18,97,15,NW,0.47,0,984,100,1606597200,-32400
6,Alaska,Fairbanks,1,Wed 11/25,Clouds,broken clouds,http://openweathermap.org/img/wn/04d@2x.png,-1.1,6.73,91,5,N,0,0,1009,81,1606251600,-32400
7,Alaska,Fairbanks,2,Thu 11/26,Snow,light snow,http://openweathermap.org/img/wn/13d@2x.png,10.42,21.74,91,5,NE,0,0.4,990,86,1606338000,-32400
8,Alaska,Fairbanks,3,Fri 11/27,Snow,light snow,http://openweathermap.org/img/wn/13d@2x.png,5.65,15.58,95,2,E,0,0.87,1001,100,1606424400,-32400
9,Alaska,Fairbanks,4,Sat 11/28,Clouds,broken clouds,http://openweathermap.org/img/wn/04d@2x.png,6.55,10.72,91,5,NE,0,0,1006,80,1606510800,-32400
10,Alaska,Fairbanks,5,Sun 11/29,Snow,light snow,http://openweathermap.org/img/wn/13d@2x.png,8.35,19.76,92,5,NE,0,0.15,998,100,1606597200,-32400
11,Alaska,Juneau,1,Wed 11/25,Clouds,overcast clouds,http://openweathermap.org/img/wn/04d@2x.png,24.42,36.46,81,1,N,0,0,1001,98,1606248000,-32400
12,Alaska,Juneau,2,Thu 11/26,Clouds,overcast clouds,http://openweathermap.org/img/wn/04d@2x.png,22.89,37.36,93,5,E,0,0,1014,100,1606334400,-32400
13,Alaska,Juneau,3,Fri 11/27,Clouds,overcast clouds,http://openweathermap.org/img/wn/04d@2x.png,35.62,37.85,81,10,S,0,0,1006,100,1606420800,-32400
14,Alaska,Juneau,4,Sat 11/28,Clouds,overcast clouds,http://openweathermap.org/img/wn/04d@2x.png,24.64,35.62,92,4,N,0,0,1012,100,1606507200,-32400
15,Alaska,Juneau,5,Sun 11/29,Clouds,overcast clouds,http://openweathermap.org/img/wn/04d@2x.png,21.85,35.33,90,7,E,0,0,1019,100,1606593600,-32400
16,Colorado,Denver/Boulder,1,Wed 11/25,Rain,light rain,http://openweathermap.org/img/wn/10d@2x.png,29.41,39.18,75,3,NE,0.68,0,1014,98,1606240800,-25200
17,Colorado,Denver/Boulder,2,Thu 11/26,Clear,sky is clear,http://openweathermap.org/img/wn/01d@2x.png,27.79,49.84,48,2,E,0,0,1012,0,1606327200,-25200
18,Colorado,Denver/Boulder,3,Fri 11/27,Clear,sky is clear,http://openweathermap.org/img/wn/01d@2x.png,27.7,43,60,5,NE,0,0,1018,1,1606413600,-25200
19,Colorado,Denver/Boulder,4,Sat 11/28,Clear,sky is clear,http://openweathermap.org/img/wn/01d@2x.png,23.77,46.6,47,1,E,0,0,1029,0,1606500000,-25200
20,Colorado,Denver/Boulder,5,Sun 11/29,Clear,sky is clear,http://openweathermap.org/img/wn/01d@2x.png,35.91,58.69,31,7,SW,0,0,1022,4,1606586400,-25200
21,Colorado,Grand Junction,1,Wed 11/25,Rain,light rain,http://openweathermap.org/img/wn/10d@2x.png,36.27,46.18,58,11,NW,0.42,0,1014,44,1606244400,-25200
22,Colorado,Grand Junction,2,Thu 11/26,Clear,sky is clear,http://openweathermap.org/img/wn/01d@2x.png,32.86,47.55,55,9,SE,0,0,1018,0,1606330800,-25200
23,Colorado,Grand Junction,3,Fri 11/27,Clouds,broken clouds,http://openweathermap.org/img/wn/04d@2x.png,30.45,41.74,60,6,NW,0,0,1020,66,1606417200,-25200
24,Colorado,Grand Junction,4,Sat 11/28,Clear,sky is clear,http://openweathermap.org/img/wn/01d@2x.png,27.27,40.75,60,4,E,0,0,1032,0,1606503600,-25200
25,Colorado,Grand Junction,5,Sun 11/29,Clear,sky is clear,http://openweathermap.org/img/wn/01d@2x.png,29.95,45.36,52,3,E,0,0,1030,0,1606590000,-25200
26,Colorado,Pueblo,1,Wed 11/25,Rain,light rain,http://openweathermap.org/img/wn/10d@2x.png,31.84,46.63,74,15,N,2.58,0,1009,76,1606240800,-25200
27,Colorado,Pueblo,2,Thu 11/26,Clear,sky is clear,http://openweathermap.org/img/wn/01d@2x.png,30.33,44.65,64,4,S,0,0,1013,0,1606327200,-25200
28,Colorado,Pueblo,3,Fri 11/27,Clear,sky is clear,http://openweathermap.org/img/wn/01d@2x.png,33.94,46.6,52,1,NE,0,0,1014,3,1606413600,-25200
29,Colorado,Pueblo,4,Sat 11/28,Clear,sky is clear,http://openweathermap.org/img/wn/01d@2x.png,30.47,43.27,60,7,S,0,0,1027,0,1606500000,-25200
30,Colorado,Pueblo,5,Sun 11/29,Clear,sky is clear,http://openweathermap.org/img/wn/01d@2x.png,33.73,55.87,41,5,SW,0,0,1021,0,1606586400,-25200
31,Illinois,Chicago,1,Tue 11/24,Rain,moderate rain,http://openweathermap.org/img/wn/10d@2x.png,32.58,42.84,90,8,SE,11.07,0,1021,98,1606237200,-21600
32,Illinois,Chicago,2,Wed 11/25,Rain,moderate rain,http://openweathermap.org/img/wn/10d@2x.png,43.74,50.2,96,5,E,9.59,0,1008,100,1606323600,-21600
33,Illinois,Chicago,3,Thu 11/26,Clouds,overcast clouds,http://openweathermap.org/img/wn/04d@2x.png,44.82,51.46,76,10,SW,0,0,1015,89,1606410000,-21600
34,Illinois,Chicago,4,Fri 11/27,Clouds,broken clouds,http://openweathermap.org/img/wn/04d@2x.png,37.65,46.22,61,8,NW,0,0,1017,69,1606496400,-21600
35,Illinois,Chicago,5,Sat 11/28,Clear,sky is clear,http://openweathermap.org/img/wn/01d@2x.png,31.08,41.86,64,8,SW,0,0,1022,0,1606582800,-21600
36,Illinois,Lincoln,1,Tue 11/24,Rain,moderate rain,http://openweathermap.org/img/wn/10d@2x.png,39.16,48.34,70,15,SE,11.39,0,1019,98,1606237200,-21600
37,Illinois,Lincoln,2,Wed 11/25,Rain,heavy intensity rain,http://openweathermap.org/img/wn/10d@2x.png,45.41,60.22,71,10,SE,19.52,0,1006,76,1606323600,-21600
38,Illinois,Lincoln,3,Thu 11/26,Clouds,broken clouds,http://openweathermap.org/img/wn/04d@2x.png,45.93,51.94,74,9,SW,0,0,1017,84,1606410000,-21600
39,Illinois,Lincoln,4,Fri 11/27,Clouds,few clouds,http://openweathermap.org/img/wn/02d@2x.png,38.57,49.84,61,12,NW,0,0,1017,16,1606496400,-21600
40,Illinois,Lincoln,5,Sat 11/28,Clear,sky is clear,http://openweathermap.org/img/wn/01d@2x.png,31.5,44.11,60,6,W,0,0,1024,0,1606582800,-21600
41,Indiana,Indianapolis,1,Tue 11/24,Rain,light rain,http://openweathermap.org/img/wn/10d@2x.png,39.06,46.92,67,12,SE,2.22,0,1023,98,1606237200,-18000
42,Indiana,Indianapolis,2,Wed 11/25,Rain,heavy intensity rain,http://openweathermap.org/img/wn/10d@2x.png,46.27,58.32,88,15,SE,23.93,0,1009,98,1606323600,-18000
43,Indiana,Indianapolis,3,Thu 11/26,Rain,light rain,http://openweathermap.org/img/wn/10d@2x.png,50.38,54.79,73,7,SW,0.32,0,1017,94,1606410000,-18000
44,Indiana,Indianapolis,4,Fri 11/27,Clouds,few clouds,http://openweathermap.org/img/wn/02d@2x.png,45.79,57.33,69,8,S,0,0,1016,20,1606496400,-18000
45,Indiana,Indianapolis,5,Sat 11/28,Clear,sky is clear,http://openweathermap.org/img/wn/01d@2x.png,37.53,45.48,57,5,NW,0,0,1023,0,1606582800,-18000
46,Indiana,Northern Indiana,1,Tue 11/24,Rain,moderate rain,http://openweathermap.org/img/wn/10d@2x.png,31.51,39.85,94,12,SE,4.39,0,1024,98,1606237200,-18000
47,Indiana,Northern Indiana,2,Wed 11/25,Rain,heavy intensity rain,http://openweathermap.org/img/wn/10d@2x.png,41.97,54.7,91,9,SE,21.84,0,1010,100,1606323600,-18000
48,Indiana,Northern Indiana,3,Thu 11/26,Rain,light rain,http://openweathermap.org/img/wn/10d@2x.png,44.46,50.83,82,9,SW,0.19,0,1016,97,1606410000,-18000
49,Indiana,Northern Indiana,4,Fri 11/27,Rain,light rain,http://openweathermap.org/img/wn/10d@2x.png,40.93,51.64,80,11,S,0.21,0,1015,88,1606496400,-18000
50,Indiana,Northern Indiana,5,Sat 11/28,Clear,sky is clear,http://openweathermap.org/img/wn/01d@2x.png,34.72,42.6,63,8,W,0,0,1022,2,1606582800,-18000
51,Iowa,Davenport/Quad Cities,1,Tue 11/24,Rain,heavy intensity rain,http://openweathermap.org/img/wn/10d@2x.png,34,42.82,90,16,SE,25.61,0,1017,99,1606237200,-21600
52,Iowa,Davenport/Quad Cities,2,Wed 11/25,Rain,heavy intensity rain,http://openweathermap.org/img/wn/10d@2x.png,43.7,48.24,98,6,NE,19.7,0,1007,100,1606323600,-21600
53,Iowa,Davenport/Quad Cities,3,Thu 11/26,Clouds,few clouds,http://openweathermap.org/img/wn/02d@2x.png,42.57,51.96,75,12,S,0,0,1015,21,1606410000,-21600
54,Iowa,Davenport/Quad Cities,4,Fri 11/27,Clouds,overcast clouds,http://openweathermap.org/img/wn/04d@2x.png,34.18,43.95,66,10,NW,0,0,1018,90,1606496400,-21600
55,Iowa,Davenport/Quad Cities,5,Sat 11/28,Clear,sky is clear,http://openweathermap.org/img/wn/01d@2x.png,30.74,43.92,64,10,SW,0,0,1023,0,1606582800,-21600
56,Iowa,Des Moines,1,Wed 11/25,Rain,heavy intensity rain,http://openweathermap.org/img/wn/10d@2x.png,35.15,44.1,94,7,SE,16.59,0,1012,98,1606240800,-21600
57,Iowa,Des Moines,2,Thu 11/26,Rain,heavy intensity rain,http://openweathermap.org/img/wn/10d@2x.png,43.54,45.21,91,13,NW,18.81,0,1010,100,1606327200,-21600
58,Iowa,Des Moines,3,Fri 11/27,Clear,sky is clear,http://openweathermap.org/img/wn/01d@2x.png,35.76,50.88,52,14,SW,0,0,1013,0,1606413600,-21600
59,Iowa,Des Moines,4,Sat 11/28,Clear,sky is clear,http://openweathermap.org/img/wn/01d@2x.png,32.79,44.73,59,11,W,0,0,1021,0,1606500000,-21600
60,Iowa,Des Moines,5,Sun 11/29,Clear,sky is clear,http://openweathermap.org/img/wn/01d@2x.png,31.17,50.02,54,11,S,0,0,1021,0,1606586400,-21600
61,Kansas,Dodge City,1,Wed 11/25,Rain,moderate rain,http://openweathermap.org/img/wn/10d@2x.png,36.68,58.62,74,15,S,7.14,0,1003,97,1606240800,-21600
62,Kansas,Dodge City,2,Thu 11/26,Clear,sky is clear,http://openweathermap.org/img/wn/01d@2x.png,34.81,53.82,45,9,W,0,0,1017,0,1606327200,-21600
63,Kansas,Dodge City,3,Fri 11/27,Clouds,few clouds,http://openweathermap.org/img/wn/02d@2x.png,37.02,49.51,48,8,N,0,0,1011,16,1606413600,-21600
64,Kansas,Dodge City,4,Sat 11/28,Clouds,scattered clouds,http://openweathermap.org/img/wn/03d@2x.png,33.82,49.3,51,9,NW,0,0,1026,46,1606500000,-21600
65,Kansas,Dodge City,5,Sun 11/29,Clear,sky is clear,http://openweathermap.org/img/wn/01d@2x.png,34.79,56.82,39,6,SW,0,0,1023,0,1606586400,-21600
66,Kansas,Goodland,1,Wed 11/25,Rain,light rain,http://openweathermap.org/img/wn/10d@2x.png,33.6,45.09,90,25,NW,0.9,0,1010,98,1606240800,-25200
67,Kansas,Goodland,2,Thu 11/26,Clear,sky is clear,http://openweathermap.org/img/wn/01d@2x.png,30.24,53.65,41,11,S,0,0,1014,0,1606327200,-25200
68,Kansas,Goodland,3,Fri 11/27,Clear,sky is clear,http://openweathermap.org/img/wn/01d@2x.png,33.24,50.11,46,18,N,0,0,1014,1,1606413600,-25200
69,Kansas,Goodland,4,Sat 11/28,Clear,sky is clear,http://openweathermap.org/img/wn/01d@2x.png,29.59,47.88,49,9,NW,0,0,1026,0,1606500000,-25200
70,Kansas,Goodland,5,Sun 11/29,Clear,sky is clear,http://openweathermap.org/img/wn/01d@2x.png,35.98,62.46,31,11,SW,0,0,1019,0,1606586400,-25200
71,Kansas,Topeka,1,Wed 11/25,Rain,moderate rain,http://openweathermap.org/img/wn/10d@2x.png,48.02,53.92,74,21,S,3.9,0,1009,98,1606240800,-21600
72,Kansas,Topeka,2,Thu 11/26,Rain,moderate rain,http://openweathermap.org/img/wn/10d@2x.png,40.82,54.54,74,16,NW,4.12,0,1012,99,1606327200,-21600
73,Kansas,Topeka,3,Fri 11/27,Clear,sky is clear,http://openweathermap.org/img/wn/01d@2x.png,37.26,58.1,43,9,SE,0,0,1014,0,1606413600,-21600
74,Kansas,Topeka,4,Sat 11/28,Clear,sky is clear,http://openweathermap.org/img/wn/01d@2x.png,39.49,51.22,48,14,NW,0,0,1023,5,1606500000,-21600
75,Kansas,Topeka,5,Sun 11/29,Clear,sky is clear,http://openweathermap.org/img/wn/01d@2x.png,34.3,52.79,45,8,S,0,0,1024,0,1606586400,-21600
76,Kansas,Wichita,1,Wed 11/25,Rain,moderate rain,http://openweathermap.org/img/wn/10d@2x.png,51.69,57.56,86,19,SE,6.87,0,1007,98,1606240800,-21600
77,Kansas,Wichita,2,Thu 11/26,Rain,moderate rain,http://openweathermap.org/img/wn/10d@2x.png,39.29,52.16,52,12,W,3.03,0,1015,20,1606327200,-21600
78,Kansas,Wichita,3,Fri 11/27,Clouds,scattered clouds,http://openweathermap.org/img/wn/03d@2x.png,41.23,57.92,45,12,SE,0,0,1012,26,1606413600,-21600
79,Kansas,Wichita,4,Sat 11/28,Clear,sky is clear,http://openweathermap.org/img/wn/01d@2x.png,41.29,52.47,44,12,NW,0,0,1025,0,1606500000,-21600
80,Kansas,Wichita,5,Sun 11/29,Clear,sky is clear,http://openweathermap.org/img/wn/01d@2x.png,37.74,54.81,43,8,S,0,0,1023,0,1606586400,-21600
81,Kentucky,Jackson,1,Tue 11/24,Clouds,overcast clouds,http://openweathermap.org/img/wn/04d@2x.png,36.97,52.83,52,3,SE,0,0,1025,98,1606237200,-18000
82,Kentucky,Jackson,2,Wed 11/25,Rain,moderate rain,http://openweathermap.org/img/wn/10d@2x.png,42.53,58.82,66,15,S,3.39,0,1018,100,1606323600,-18000
83,Kentucky,Jackson,3,Thu 11/26,Rain,light rain,http://openweathermap.org/img/wn/10d@2x.png,47.43,59.31,65,7,SW,0.92,0,1018,0,1606410000,-18000
84,Kentucky,Jackson,4,Fri 11/27,Clear,sky is clear,http://openweathermap.org/img/wn/01d@2x.png,44.33,62.38,53,5,S,0,0,1017,0,1606496400,-18000
85,Kentucky,Jackson,5,Sat 11/28,Rain,light rain,http://openweathermap.org/img/wn/10d@2x.png,38.84,53.62,53,5,NW,0.36,0,1021,69,1606582800,-18000
86,Kentucky,Louisville,1,Tue 11/24,Clouds,overcast clouds,http://openweathermap.org/img/wn/04d@2x.png,40.51,52.9,56,8,SE,0,0,1024,98,1606237200,-18000
87,Kentucky,Louisville,2,Wed 11/25,Rain,heavy intensity rain,http://openweathermap.org/img/wn/10d@2x.png,49.15,60.44,91,15,S,25.49,0,1013,100,1606323600,-18000
88,Kentucky,Louisville,3,Thu 11/26,Clouds,overcast clouds,http://openweathermap.org/img/wn/04d@2x.png,45.73,55.08,78,6,SW,0,0,1018,94,1606410000,-18000
89,Kentucky,Louisville,4,Fri 11/27,Clear,sky is clear,http://openweathermap.org/img/wn/01d@2x.png,44.37,60.53,62,6,S,0,0,1016,0,1606496400,-18000
90,Kentucky,Louisville,5,Sat 11/28,Clear,sky is clear,http://openweathermap.org/img/wn/01d@2x.png,38.62,48.61,51,6,NW,0,0,1023,0,1606582800,-18000
91,Kentucky,Paducah,1,Tue 11/24,Clouds,broken clouds,http://openweathermap.org/img/wn/04d@2x.png,41.47,52.88,60,11,SE,0,0,1021,79,1606237200,-21600
92,Kentucky,Paducah,2,Wed 11/25,Rain,heavy intensity rain,http://openweathermap.org/img/wn/10d@2x.png,50.54,69.42,67,23,S,24.54,0,1009,61,1606323600,-21600
93,Kentucky,Paducah,3,Thu 11/26,Clear,sky is clear,http://openweathermap.org/img/wn/01d@2x.png,44.74,59.13,68,5,S,0,0,1018,2,1606410000,-21600
94,Kentucky,Paducah,4,Fri 11/27,Clouds,scattered clouds,http://openweathermap.org/img/wn/03d@2x.png,45.77,61.25,65,5,S,0,0,1015,46,1606496400,-21600
95,Kentucky,Paducah,5,Sat 11/28,Clear,sky is clear,http://openweathermap.org/img/wn/01d@2x.png,37.4,48.22,53,8,N,0,0,1024,0,1606582800,-21600
96,Michigan,Detroit/Pontiac,1,Tue 11/24,Rain,moderate rain,http://openweathermap.org/img/wn/10d@2x.png,24.44,37.27,76,9,SE,3.63,0,1026,87,1606237200,-18000
97,Michigan,Detroit/Pontiac,2,Wed 11/25,Rain,moderate rain,http://openweathermap.org/img/wn/10d@2x.png,38.12,47.95,96,10,SE,8.29,0,1013,100,1606323600,-18000
98,Michigan,Detroit/Pontiac,3,Thu 11/26,Rain,moderate rain,http://openweathermap.org/img/wn/10d@2x.png,47.03,52.38,83,10,W,3.8,0,1013,88,1606410000,-18000
99,Michigan,Detroit/Pontiac,4,Fri 11/27,Rain,light rain,http://openweathermap.org/img/wn/10d@2x.png,41.18,50.85,71,9,S,1.85,0,1015,46,1606496400,-18000
100,Michigan,Detroit/Pontiac,5,Sat 11/28,Rain,light rain,http://openweathermap.org/img/wn/10d@2x.png,35.31,43.11,66,9,W,0.55,0,1020,11,1606582800,-18000
101,Michigan,Gaylord,1,Tue 11/24,Clouds,overcast clouds,http://openweathermap.org/img/wn/04d@2x.png,23.72,32.59,81,12,SE,0,0,1025,98,1606237200,-18000
102,Michigan,Gaylord,2,Wed 11/25,Rain,moderate rain,http://openweathermap.org/img/wn/10d@2x.png,32.85,39.13,93,4,E,6.89,0,1014,98,1606323600,-18000
103,Michigan,Gaylord,3,Thu 11/26,Clouds,overcast clouds,http://openweathermap.org/img/wn/04d@2x.png,37.72,44.31,93,7,SW,0,0,1012,98,1606410000,-18000
104,Michigan,Gaylord,4,Fri 11/27,Clouds,overcast clouds,http://openweathermap.org/img/wn/04d@2x.png,33.58,40.84,80,7,W,0,0,1014,99,1606496400,-18000
105,Michigan,Gaylord,5,Sat 11/28,Clear,sky is clear,http://openweathermap.org/img/wn/01d@2x.png,29.59,37.31,74,13,SW,0,0,1017,10,1606582800,-18000
106,Michigan,Grand Rapids,1,Tue 11/24,Rain,moderate rain,http://openweathermap.org/img/wn/10d@2x.png,28,36.46,90,11,SE,3.73,0,1025,95,1606237200,-18000
107,Michigan,Grand Rapids,2,Wed 11/25,Rain,moderate rain,http://openweathermap.org/img/wn/10d@2x.png,38.08,44.6,97,9,E,5.89,0,1011,100,1606323600,-18000
108,Michigan,Grand Rapids,3,Thu 11/26,Rain,light rain,http://openweathermap.org/img/wn/10d@2x.png,43.72,49.33,79,12,SW,0.24,0,1014,92,1606410000,-18000
109,Michigan,Grand Rapids,4,Fri 11/27,Clouds,broken clouds,http://openweathermap.org/img/wn/04d@2x.png,35.28,46.83,68,10,SW,0,0,1015,83,1606496400,-18000
110,Michigan,Grand Rapids,5,Sat 11/28,Clear,sky is clear,http://openweathermap.org/img/wn/01d@2x.png,32.47,39.97,69,12,SW,0,0,1020,0,1606582800,-18000
111,Michigan,Marquette,1,Tue 11/24,Clouds,overcast clouds,http://openweathermap.org/img/wn/04d@2x.png,19.56,33.76,92,12,SE,0,0,1021,98,1606237200,-18000
112,Michigan,Marquette,2,Wed 11/25,Rain,light rain,http://openweathermap.org/img/wn/10d@2x.png,34.48,38.62,91,3,NE,0.3,0,1014,86,1606323600,-18000
113,Michigan,Marquette,3,Thu 11/26,Clouds,broken clouds,http://openweathermap.org/img/wn/04d@2x.png,33.46,39.94,81,10,S,0,0,1010,81,1606410000,-18000
114,Michigan,Marquette,4,Fri 11/27,Clouds,overcast clouds,http://openweathermap.org/img/wn/04d@2x.png,26.55,33.39,89,8,NW,0,0,1016,100,1606496400,-18000
115,Michigan,Marquette,5,Sat 11/28,Clear,sky is clear,http://openweathermap.org/img/wn/01d@2x.png,26.73,38.5,71,10,SW,0,0,1014,8,1606582800,-18000
116,Minnesota,Duluth,1,Tue 11/24,Rain,light rain,http://openweathermap.org/img/wn/10d@2x.png,23.77,31.89,94,7,SE,0.59,0,1015,98,1606237200,-21600
117,Minnesota,Duluth,2,Wed 11/25,Clouds,overcast clouds,http://openweathermap.org/img/wn/04d@2x.png,26.67,32.04,98,2,SE,0,0,1014,97,1606323600,-21600
118,Minnesota,Duluth,3,Thu 11/26,Clouds,broken clouds,http://openweathermap.org/img/wn/04d@2x.png,28.74,34.14,95,9,SW,0,0,1008,64,1606410000,-21600
119,Minnesota,Duluth,4,Fri 11/27,Clouds,overcast clouds,http://openweathermap.org/img/wn/04d@2x.png,23.79,28.8,92,9,W,0,0,1018,85,1606496400,-21600
120,Minnesota,Duluth,5,Sat 11/28,Clouds,broken clouds,http://openweathermap.org/img/wn/04d@2x.png,24.49,34.52,85,9,SW,0,0,1012,58,1606582800,-21600
121,Minnesota,Chanhassen/Twin Cities,1,Wed 11/25,Rain,light rain,http://openweathermap.org/img/wn/10d@2x.png,31.78,37.67,91,9,SE,1.37,0,1013,98,1606240800,-21600
122,Minnesota,Chanhassen/Twin Cities,2,Thu 11/26,Clouds,overcast clouds,http://openweathermap.org/img/wn/04d@2x.png,35.15,39.22,88,5,N,0,0,1013,100,1606327200,-21600
123,Minnesota,Chanhassen/Twin Cities,3,Fri 11/27,Clear,sky is clear,http://openweathermap.org/img/wn/01d@2x.png,35.56,43.43,63,11,SW,0,0,1009,0,1606413600,-21600
124,Minnesota,Chanhassen/Twin Cities,4,Sat 11/28,Clear,sky is clear,http://openweathermap.org/img/wn/01d@2x.png,28.09,37.45,77,7,W,0,0,1021,0,1606500000,-21600
125,Minnesota,Chanhassen/Twin Cities,5,Sun 11/29,Clear,sky is clear,http://openweathermap.org/img/wn/01d@2x.png,28.99,45.66,60,14,S,0,0,1016,6,1606586400,-21600
126,Missouri,Kansas City/Pleasant Hill,1,Wed 11/25,Rain,moderate rain,http://openweathermap.org/img/wn/10d@2x.png,46.08,53.24,78,19,S,8.84,0,1011,100,1606240800,-21600
127,Missouri,Kansas City/Pleasant Hill,2,Thu 11/26,Rain,moderate rain,http://openweathermap.org/img/wn/10d@2x.png,41.74,53.65,86,15,W,3.9,0,1010,99,1606327200,-21600
128,Missouri,Kansas City/Pleasant Hill,3,Fri 11/27,Clear,sky is clear,http://openweathermap.org/img/wn/01d@2x.png,37.02,56.52,53,8,S,0,0,1015,0,1606413600,-21600
129,Missouri,Kansas City/Pleasant Hill,4,Sat 11/28,Clouds,few clouds,http://openweathermap.org/img/wn/02d@2x.png,37.72,49.28,49,15,NW,0,0,1021,23,1606500000,-21600
130,Missouri,Kansas City/Pleasant Hill,5,Sun 11/29,Clear,sky is clear,http://openweathermap.org/img/wn/01d@2x.png,32.23,49.5,50,4,SW,0,0,1025,0,1606586400,-21600
131,Missouri,Springfield,1,Wed 11/25,Rain,moderate rain,http://openweathermap.org/img/wn/10d@2x.png,44.49,51.15,67,18,SE,3.07,0,1015,98,1606240800,-21600
132,Missouri,Springfield,2,Thu 11/26,Rain,moderate rain,http://openweathermap.org/img/wn/10d@2x.png,42.71,54.77,83,19,SW,8.34,0,1012,100,1606327200,-21600
133,Missouri,Springfield,3,Fri 11/27,Clear,sky is clear,http://openweathermap.org/img/wn/01d@2x.png,38.86,57.45,57,10,SE,0,0,1016,0,1606413600,-21600
134,Missouri,Springfield,4,Sat 11/28,Clear,sky is clear,http://openweathermap.org/img/wn/01d@2x.png,39.06,52.39,70,14,NW,0,0,1019,7,1606500000,-21600
135,Missouri,Springfield,5,Sun 11/29,Clear,sky is clear,http://openweathermap.org/img/wn/01d@2x.png,32.31,47.23,55,3,NW,0,0,1025,0,1606586400,-21600
136,Missouri,St. Louis,1,Tue 11/24,Rain,light rain,http://openweathermap.org/img/wn/10d@2x.png,44.58,53.67,57,13,SE,2.82,0,1018,98,1606237200,-21600
137,Missouri,St. Louis,2,Wed 11/25,Rain,heavy intensity rain,http://openweathermap.org/img/wn/10d@2x.png,49.51,56.71,74,15,SW,12.44,0,1006,67,1606323600,-21600
138,Missouri,St. Louis,3,Thu 11/26,Clear,sky is clear,http://openweathermap.org/img/wn/01d@2x.png,43.88,57.45,67,6,S,0,0,1017,7,1606410000,-21600
139,Missouri,St. Louis,4,Fri 11/27,Clouds,scattered clouds,http://openweathermap.org/img/wn/03d@2x.png,40.26,51.17,76,9,W,0,0,1016,36,1606496400,-21600
140,Missouri,St. Louis,5,Sat 11/28,Clear,sky is clear,http://openweathermap.org/img/wn/01d@2x.png,33.44,47.01,55,2,NW,0,0,1025,0,1606582800,-21600
141,Nebraska,Hastings,1,Wed 11/25,Rain,heavy intensity rain,http://openweathermap.org/img/wn/10d@2x.png,38.25,49.3,94,16,NW,16.38,0,1007,98,1606240800,-21600
142,Nebraska,Hastings,2,Thu 11/26,Clear,sky is clear,http://openweathermap.org/img/wn/01d@2x.png,29.91,49.15,57,9,NW,0,0,1016,0,1606327200,-21600
143,Nebraska,Hastings,3,Fri 11/27,Clear,sky is clear,http://openweathermap.org/img/wn/01d@2x.png,36.61,50.88,48,11,N,0,0,1013,0,1606413600,-21600
144,Nebraska,Hastings,4,Sat 11/28,Clear,sky is clear,http://openweathermap.org/img/wn/01d@2x.png,32.7,47.59,48,15,NW,0,0,1024,0,1606500000,-21600
145,Nebraska,Hastings,5,Sun 11/29,Clear,sky is clear,http://openweathermap.org/img/wn/01d@2x.png,33.19,55.29,42,11,S,0,0,1021,0,1606586400,-21600
146,Nebraska,North Platte,1,Wed 11/25,Rain,moderate rain,http://openweathermap.org/img/wn/10d@2x.png,35.35,43.03,77,18,N,5.62,0,1011,98,1606240800,-21600
147,Nebraska,North Platte,2,Thu 11/26,Clear,sky is clear,http://openweathermap.org/img/wn/01d@2x.png,31.66,51.48,51,9,SW,0,0,1013,0,1606327200,-21600
148,Nebraska,North Platte,3,Fri 11/27,Clear,sky is clear,http://openweathermap.org/img/wn/01d@2x.png,37.02,48.18,55,11,N,0,0,1014,0,1606413600,-21600
149,Nebraska,North Platte,4,Sat 11/28,Clear,sky is clear,http://openweathermap.org/img/wn/01d@2x.png,32.13,47.3,52,14,W,0,0,1025,0,1606500000,-21600
150,Nebraska,North Platte,5,Sun 11/29,Clear,sky is clear,http://openweathermap.org/img/wn/01d@2x.png,35.46,59.05,39,12,SW,0,0,1018,0,1606586400,-21600
151,Nebraska,Omaha/Valley,1,Wed 11/25,Rain,heavy intensity rain,http://openweathermap.org/img/wn/10d@2x.png,37.6,44.85,98,8,NE,31.26,0,1008,100,1606240800,-21600
152,Nebraska,Omaha/Valley,2,Thu 11/26,Rain,moderate rain,http://openweathermap.org/img/wn/10d@2x.png,34.05,43.54,69,12,NW,10.81,0,1014,67,1606327200,-21600
153,Nebraska,Omaha/Valley,3,Fri 11/27,Clear,sky is clear,http://openweathermap.org/img/wn/01d@2x.png,34.66,49.6,50,7,W,0,0,1014,0,1606413600,-21600
154,Nebraska,Omaha/Valley,4,Sat 11/28,Clear,sky is clear,http://openweathermap.org/img/wn/01d@2x.png,33.84,43.14,60,15,NW,0,0,1024,0,1606500000,-21600
155,Nebraska,Omaha/Valley,5,Sun 11/29,Clear,sky is clear,http://openweathermap.org/img/wn/01d@2x.png,32.9,54.12,47,11,S,0,0,1019,0,1606586400,-21600
156,North Dakota,Bismarck,1,Wed 11/25,Clear,sky is clear,http://openweathermap.org/img/wn/01d@2x.png,23.67,33.51,83,13,W,0,0,1014,10,1606240800,-21600
157,North Dakota,Bismarck,2,Thu 11/26,Clouds,scattered clouds,http://openweathermap.org/img/wn/03d@2x.png,25.99,44.24,58,12,S,0,0,1008,28,1606327200,-21600
158,North Dakota,Bismarck,3,Fri 11/27,Clouds,scattered clouds,http://openweathermap.org/img/wn/03d@2x.png,29.89,38.3,77,13,W,0,0,1014,42,1606413600,-21600
159,North Dakota,Bismarck,4,Sat 11/28,Clear,sky is clear,http://openweathermap.org/img/wn/01d@2x.png,21.6,42.44,74,9,SW,0,0,1020,6,1606500000,-21600
160,North Dakota,Bismarck,5,Sun 11/29,Clear,sky is clear,http://openweathermap.org/img/wn/01d@2x.png,32.61,53.62,50,11,SW,0,0,1011,3,1606586400,-21600
161,North Dakota,Grand Forks,1,Wed 11/25,Clouds,overcast clouds,http://openweathermap.org/img/wn/04d@2x.png,24.19,38.12,76,7,SW,0,0,1011,94,1606240800,-21600
162,North Dakota,Grand Forks,2,Thu 11/26,Clear,sky is clear,http://openweathermap.org/img/wn/01d@2x.png,20.41,36.75,82,13,SE,0,0,1011,1,1606327200,-21600
163,North Dakota,Grand Forks,3,Fri 11/27,Clouds,broken clouds,http://openweathermap.org/img/wn/04d@2x.png,26.58,33.08,88,12,W,0,0,1011,83,1606413600,-21600
164,North Dakota,Grand Forks,4,Sat 11/28,Clear,sky is clear,http://openweathermap.org/img/wn/01d@2x.png,19.18,32.77,81,7,SW,0,0,1021,0,1606500000,-21600
165,North Dakota,Grand Forks,5,Sun 11/29,Clear,sky is clear,http://openweathermap.org/img/wn/01d@2x.png,28.27,42.24,74,5,SW,0,0,1011,8,1606586400,-21600
166,South Dakota,Aberdeen,1,Wed 11/25,Clouds,broken clouds,http://openweathermap.org/img/wn/04d@2x.png,28.04,38.88,72,11,NW,0,0,1012,77,1606240800,-21600
167,South Dakota,Aberdeen,2,Thu 11/26,Clear,sky is clear,http://openweathermap.org/img/wn/01d@2x.png,22.91,40.55,70,9,S,0,0,1012,0,1606327200,-21600
168,South Dakota,Aberdeen,3,Fri 11/27,Clouds,few clouds,http://openweathermap.org/img/wn/02d@2x.png,27.61,40.93,72,12,W,0,0,1013,13,1606413600,-21600
169,South Dakota,Aberdeen,4,Sat 11/28,Clear,sky is clear,http://openweathermap.org/img/wn/01d@2x.png,23.49,39.74,73,6,SW,0,0,1023,0,1606500000,-21600
170,South Dakota,Aberdeen,5,Sun 11/29,Clear,sky is clear,http://openweathermap.org/img/wn/01d@2x.png,32.85,54.75,47,9,SW,0,0,1013,0,1606586400,-21600
171,South Dakota,Rapid City,1,Wed 11/25,Clear,sky is clear,http://openweathermap.org/img/wn/01d@2x.png,30.4,44.53,53,18,NW,0,0,1015,8,1606240800,-25200
172,South Dakota,Rapid City,2,Thu 11/26,Clear,sky is clear,http://openweathermap.org/img/wn/01d@2x.png,29.39,49.37,43,3,E,0,0,1007,0,1606327200,-25200
173,South Dakota,Rapid City,3,Fri 11/27,Clouds,few clouds,http://openweathermap.org/img/wn/02d@2x.png,29.75,42.26,56,16,NW,0,0,1017,22,1606413600,-25200
174,South Dakota,Rapid City,4,Sat 11/28,Clouds,few clouds,http://openweathermap.org/img/wn/02d@2x.png,26.82,48.72,47,2,NW,0,0,1022,16,1606500000,-25200
175,South Dakota,Rapid City,5,Sun 11/29,Clear,sky is clear,http://openweathermap.org/img/wn/01d@2x.png,36.46,59.41,33,1,N,0,0,1014,0,1606586400,-25200
176,South Dakota,Sioux Falls,1,Wed 11/25,Clouds,overcast clouds,http://openweathermap.org/img/wn/04d@2x.png,32.2,42.28,82,5,W,0,0,1012,98,1606240800,-21600
177,South Dakota,Sioux Falls,2,Thu 11/26,Clear,sky is clear,http://openweathermap.org/img/wn/01d@2x.png,24.49,40.6,69,2,N,0,0,1014,0,1606327200,-21600
178,South Dakota,Sioux Falls,3,Fri 11/27,Clear,sky is clear,http://openweathermap.org/img/wn/01d@2x.png,31.33,46.17,58,14,W,0,0,1013,0,1606413600,-21600
179,South Dakota,Sioux Falls,4,Sat 11/28,Clear,sky is clear,http://openweathermap.org/img/wn/01d@2x.png,29.77,37.31,74,11,W,0,0,1024,0,1606500000,-21600
180,South Dakota,Sioux Falls,5,Sun 11/29,Clear,sky is clear,http://openweathermap.org/img/wn/01d@2x.png,30.54,51.51,47,9,SW,0,0,1016,0,1606586400,-21600
181,Wisconsin,Green Bay,1,Tue 11/24,Rain,moderate rain,http://openweathermap.org/img/wn/10d@2x.png,30.16,37.87,90,15,SE,9.85,0,1022,98,1606237200,-21600
182,Wisconsin,Green Bay,2,Wed 11/25,Rain,light rain,http://openweathermap.org/img/wn/10d@2x.png,37.45,42.35,89,11,NE,1.78,0,1011,99,1606323600,-21600
183,Wisconsin,Green Bay,3,Thu 11/26,Clouds,overcast clouds,http://openweathermap.org/img/wn/04d@2x.png,40.77,46.27,81,12,S,0,0,1012,90,1606410000,-21600
184,Wisconsin,Green Bay,4,Fri 11/27,Clouds,overcast clouds,http://openweathermap.org/img/wn/04d@2x.png,31.03,38.12,78,6,NW,0,0,1016,99,1606496400,-21600
185,Wisconsin,Green Bay,5,Sat 11/28,Clear,sky is clear,http://openweathermap.org/img/wn/01d@2x.png,29.43,40.53,67,15,SW,0,0,1018,0,1606582800,-21600
186,Wisconsin,La Crosse,1,Tue 11/24,Rain,heavy intensity rain,http://openweathermap.org/img/wn/10d@2x.png,29.57,38.52,90,10,SE,14.52,0,1016,98,1606237200,-21600
187,Wisconsin,La Crosse,2,Wed 11/25,Rain,light rain,http://openweathermap.org/img/wn/10d@2x.png,38.28,42.35,88,7,N,0.17,0,1011,100,1606323600,-21600
188,Wisconsin,La Crosse,3,Thu 11/26,Clouds,scattered clouds,http://openweathermap.org/img/wn/03d@2x.png,37.65,49.73,64,15,S,0,0,1011,29,1606410000,-21600
189,Wisconsin,La Crosse,4,Fri 11/27,Clouds,broken clouds,http://openweathermap.org/img/wn/04d@2x.png,29.68,38.61,77,10,NW,0,0,1019,66,1606496400,-21600
190,Wisconsin,La Crosse,5,Sat 11/28,Clear,sky is clear,http://openweathermap.org/img/wn/01d@2x.png,27.77,43.56,59,12,S,0,0,1019,0,1606582800,-21600
191,Wisconsin,Milwaukee/Sullivan,1,Tue 11/24,Rain,moderate rain,http://openweathermap.org/img/wn/10d@2x.png,31.53,38.68,96,11,SE,5.17,0,1021,98,1606237200,-21600
192,Wisconsin,Milwaukee/Sullivan,2,Wed 11/25,Rain,heavy intensity rain,http://openweathermap.org/img/wn/10d@2x.png,39.07,43.02,98,5,NE,13.19,0,1010,100,1606323600,-21600
193,Wisconsin,Milwaukee/Sullivan,3,Thu 11/26,Clouds,broken clouds,http://openweathermap.org/img/wn/04d@2x.png,40.6,49.41,76,12,S,0,0,1014,83,1606410000,-21600
194,Wisconsin,Milwaukee/Sullivan,4,Fri 11/27,Clouds,broken clouds,http://openweathermap.org/img/wn/04d@2x.png,34.84,40.84,72,8,NW,0,0,1016,83,1606496400,-21600
195,Wisconsin,Milwaukee/Sullivan,5,Sat 11/28,Clear,sky is clear,http://openweathermap.org/img/wn/01d@2x.png,28.63,40.75,66,11,SW,0,0,1021,0,1606582800,-21600
196,Wyoming,Cheyenne,1,Wed 11/25,Clouds,broken clouds,http://openweathermap.org/img/wn/04d@2x.png,28.74,38.3,61,16,NW,0,0,1014,57,1606240800,-25200
197,Wyoming,Cheyenne,2,Thu 11/26,Clear,sky is clear,http://openweathermap.org/img/wn/01d@2x.png,28.67,48.18,44,12,SW,0,0,1010,0,1606327200,-25200
198,Wyoming,Cheyenne,3,Fri 11/27,Clear,sky is clear,http://openweathermap.org/img/wn/01d@2x.png,25.5,37.78,57,26,W,0,0,1019,0,1606413600,-25200
199,Wyoming,Cheyenne,4,Sat 11/28,Clear,sky is clear,http://openweathermap.org/img/wn/01d@2x.png,23.2,43.2,51,14,W,0,0,1027,0,1606500000,-25200
200,Wyoming,Cheyenne,5,Sun 11/29,Clear,sky is clear,http://openweathermap.org/img/wn/01d@2x.png,37.15,54.7,33,26,W,0,0,1019,0,1606586400,-25200
201,Wyoming,Riverton,1,Wed 11/25,Clear,sky is clear,http://openweathermap.org/img/wn/01d@2x.png,20.59,37.96,65,5,SW,0,0,1018,4,1606240800,-25200
202,Wyoming,Riverton,2,Thu 11/26,Clouds,broken clouds,http://openweathermap.org/img/wn/04d@2x.png,25.32,42.78,59,5,S,0,0,1010,79,1606330800,-25200
203,Wyoming,Riverton,3,Fri 11/27,Clear,sky is clear,http://openweathermap.org/img/wn/01d@2x.png,23.29,36.61,72,10,SW,0,0,1023,5,1606417200,-25200
204,Wyoming,Riverton,4,Sat 11/28,Clear,sky is clear,http://openweathermap.org/img/wn/01d@2x.png,22.78,38.59,65,1,S,0,0,1028,0,1606503600,-25200
205,Wyoming,Riverton,5,Sun 11/29,Clear,sky is clear,http://openweathermap.org/img/wn/01d@2x.png,26.73,47.26,52,3,S,0,0,1021,0,1606590000,-25200
206,Maine,Caribou,1,Tue 11/24,Clouds,overcast clouds,http://openweathermap.org/img/wn/04d@2x.png,18.57,27.36,80,21,W,0,0,1011,93,1606233600,-18000
207,Maine,Caribou,2,Wed 11/25,Snow,snow,http://openweathermap.org/img/wn/13d@2x.png,18.72,27.77,91,12,SE,0,3.15,1031,100,1606320000,-18000
208,Maine,Caribou,3,Thu 11/26,Rain,light rain,http://openweathermap.org/img/wn/10d@2x.png,24.17,35.53,95,3,E,1.45,0,1026,100,1606406400,-18000
209,Maine,Caribou,4,Fri 11/27,Rain,light rain,http://openweathermap.org/img/wn/10d@2x.png,36.77,43.77,99,4,S,0.23,0,1017,98,1606492800,-18000
210,Maine,Caribou,5,Sat 11/28,Rain,light rain,http://openweathermap.org/img/wn/10d@2x.png,33.84,43.52,87,3,SW,0.61,0,1010,76,1606579200,-18000
211,Maine,Gray/Portland,1,Tue 11/24,Clear,sky is clear,http://openweathermap.org/img/wn/01d@2x.png,26.11,34.25,68,13,W,0,0,1019,1,1606233600,-18000
212,Maine,Gray/Portland,2,Wed 11/25,Rain,light rain,http://openweathermap.org/img/wn/10d@2x.png,26.13,38.82,83,7,SE,0.2,0,1031,100,1606320000,-18000
213,Maine,Gray/Portland,3,Thu 11/26,Rain,moderate rain,http://openweathermap.org/img/wn/10d@2x.png,34.48,39.92,96,5,N,8.11,0,1023,100,1606406400,-18000
214,Maine,Gray/Portland,4,Fri 11/27,Clouds,few clouds,http://openweathermap.org/img/wn/02d@2x.png,39.69,53.92,84,2,W,0,0,1017,17,1606492800,-18000
215,Maine,Gray/Portland,5,Sat 11/28,Rain,light rain,http://openweathermap.org/img/wn/10d@2x.png,37.42,54.75,73,7,SW,0.17,0,1010,37,1606579200,-18000
216,Massachusetts,Boston,1,Tue 11/24,Clear,sky is clear,http://openweathermap.org/img/wn/01d@2x.png,29.05,40.53,67,10,W,0,0,1022,1,1606233600,-18000
217,Massachusetts,Boston,2,Wed 11/25,Clouds,overcast clouds,http://openweathermap.org/img/wn/04d@2x.png,28.81,49.5,66,8,SE,0,0,1031,100,1606320000,-18000
218,Massachusetts,Boston,3,Thu 11/26,Rain,heavy intensity rain,http://openweathermap.org/img/wn/10d@2x.png,43.56,56.75,96,9,SE,15.12,0,1022,100,1606406400,-18000
219,Massachusetts,Boston,4,Fri 11/27,Rain,light rain,http://openweathermap.org/img/wn/10d@2x.png,48.85,56.98,85,3,NW,0.36,0,1017,94,1606492800,-18000
220,Massachusetts,Boston,5,Sat 11/28,Rain,light rain,http://openweathermap.org/img/wn/10d@2x.png,44.78,56.23,73,7,SW,0.61,0,1013,100,1606579200,-18000
221,New Jersey,Mount Holly/Philadelphia,1,Tue 11/24,Clear,sky is clear,http://openweathermap.org/img/wn/01d@2x.png,37.35,45.37,62,11,NW,0,0,1027,1,1606233600,-18000
222,New Jersey,Mount Holly/Philadelphia,2,Wed 11/25,Clouds,overcast clouds,http://openweathermap.org/img/wn/04d@2x.png,39.42,54.64,55,11,S,0,0,1028,100,1606320000,-18000
223,New Jersey,Mount Holly/Philadelphia,3,Thu 11/26,Rain,heavy intensity rain,http://openweathermap.org/img/wn/10d@2x.png,53.46,59.94,95,8,S,18.77,0,1019,100,1606406400,-18000
224,New Jersey,Mount Holly/Philadelphia,4,Fri 11/27,Clear,sky is clear,http://openweathermap.org/img/wn/01d@2x.png,48.18,60.17,75,4,SW,0,0,1019,10,1606492800,-18000
225,New Jersey,Mount Holly/Philadelphia,5,Sat 11/28,Rain,light rain,http://openweathermap.org/img/wn/10d@2x.png,43.79,54.37,83,6,S,0.59,0,1015,100,1606579200,-18000
226,New York,Albany,1,Tue 11/24,Clear,sky is clear,http://openweathermap.org/img/wn/01d@2x.png,29.84,38.71,74,11,W,0,0,1027,0,1606233600,-18000
227,New York,Albany,2,Wed 11/25,Rain,light rain,http://openweathermap.org/img/wn/10d@2x.png,30.63,46.81,71,10,SE,1.09,0,1027,99,1606320000,-18000
228,New York,Albany,3,Thu 11/26,Rain,light rain,http://openweathermap.org/img/wn/10d@2x.png,41.99,51.87,93,3,SE,2.84,0,1019,100,1606406400,-18000
229,New York,Albany,4,Fri 11/27,Clouds,overcast clouds,http://openweathermap.org/img/wn/04d@2x.png,47.52,54.61,83,2,SW,0,0,1017,96,1606492800,-18000
230,New York,Albany,5,Sat 11/28,Rain,light rain,http://openweathermap.org/img/wn/10d@2x.png,37.35,49.96,73,6,SW,0.16,0,1012,78,1606579200,-18000
231,New York,Binghamton,1,Tue 11/24,Clouds,overcast clouds,http://openweathermap.org/img/wn/04d@2x.png,29.17,35.02,82,9,NW,0,0,1026,90,1606233600,-18000
232,New York,Binghamton,2,Wed 11/25,Rain,moderate rain,http://openweathermap.org/img/wn/10d@2x.png,33.69,44.82,70,14,S,3.68,0,1025,68,1606320000,-18000
233,New York,Binghamton,3,Thu 11/26,Rain,moderate rain,http://openweathermap.org/img/wn/10d@2x.png,43.36,52.2,91,8,SE,7.86,0,1016,100,1606406400,-18000
234,New York,Binghamton,4,Fri 11/27,Clouds,overcast clouds,http://openweathermap.org/img/wn/04d@2x.png,45.28,49.39,89,3,S,0,0,1018,100,1606492800,-18000
235,New York,Binghamton,5,Sat 11/28,Rain,light rain,http://openweathermap.org/img/wn/10d@2x.png,32.58,44.8,85,10,W,1.09,0,1014,92,1606579200,-18000
236,New York,Buffalo,1,Tue 11/24,Clouds,overcast clouds,http://openweathermap.org/img/wn/04d@2x.png,32.92,35.98,77,3,E,0,0,1029,88,1606237200,-18000
237,New York,Buffalo,2,Wed 11/25,Rain,moderate rain,http://openweathermap.org/img/wn/10d@2x.png,37.15,45.88,69,10,S,5.35,0,1020,100,1606323600,-18000
238,New York,Buffalo,3,Thu 11/26,Rain,moderate rain,http://openweathermap.org/img/wn/10d@2x.png,46.26,52.83,82,13,SW,3.39,0,1013,86,1606410000,-18000
239,New York,Buffalo,4,Fri 11/27,Rain,light rain,http://openweathermap.org/img/wn/10d@2x.png,44.35,51.53,68,10,SW,0.59,0,1016,99,1606496400,-18000
240,New York,Buffalo,5,Sat 11/28,Rain,moderate rain,http://openweathermap.org/img/wn/10d@2x.png,38.08,48.04,61,12,W,3.4,0,1016,95,1606582800,-18000
241,New York,New York/Upton,1,Tue 11/24,Clouds,scattered clouds,http://openweathermap.org/img/wn/03d@2x.png,38.23,44.65,70,15,NW,0,0,1025,38,1606233600,-18000
242,New York,New York/Upton,2,Wed 11/25,Clouds,overcast clouds,http://openweathermap.org/img/wn/04d@2x.png,42.13,54.45,63,15,S,0,0,1029,100,1606320000,-18000
243,New York,New York/Upton,3,Thu 11/26,Rain,heavy intensity rain,http://openweathermap.org/img/wn/10d@2x.png,54.97,57.49,95,17,S,17.91,0,1020,100,1606406400,-18000
244,New York,New York/Upton,4,Fri 11/27,Clouds,broken clouds,http://openweathermap.org/img/wn/04d@2x.png,52.7,57.06,81,6,W,0,0,1019,80,1606492800,-18000
245,New York,New York/Upton,5,Sat 11/28,Rain,light rain,http://openweathermap.org/img/wn/10d@2x.png,48.67,55.44,72,7,SW,0.14,0,1014,100,1606579200,-18000
246,North Carolina,Newport/Morehead City,1,Tue 11/24,Clear,sky is clear,http://openweathermap.org/img/wn/01d@2x.png,41.85,53.26,71,8,N,0,0,1028,0,1606233600,-18000
247,North Carolina,Newport/Morehead City,2,Wed 11/25,Rain,light rain,http://openweathermap.org/img/wn/10d@2x.png,47.79,65.82,68,1,E,0.69,0,1028,100,1606320000,-18000
248,North Carolina,Newport/Morehead City,3,Thu 11/26,Rain,light rain,http://openweathermap.org/img/wn/10d@2x.png,66.85,71.91,76,16,S,2.45,0,1022,79,1606406400,-18000
249,North Carolina,Newport/Morehead City,4,Fri 11/27,Rain,moderate rain,http://openweathermap.org/img/wn/10d@2x.png,63.59,68.5,85,6,SW,3.27,0,1020,40,1606492800,-18000
250,North Carolina,Newport/Morehead City,5,Sat 11/28,Rain,light rain,http://openweathermap.org/img/wn/10d@2x.png,59.36,66.7,79,5,SW,0.11,0,1017,81,1606579200,-18000
251,North Carolina,Raleigh,1,Tue 11/24,Clear,sky is clear,http://openweathermap.org/img/wn/01d@2x.png,33.94,52.23,45,5,NE,0,0,1030,2,1606237200,-18000
252,North Carolina,Raleigh,2,Wed 11/25,Rain,light rain,http://openweathermap.org/img/wn/10d@2x.png,42.84,62.24,62,8,SE,0.12,0,1027,100,1606323600,-18000
253,North Carolina,Raleigh,3,Thu 11/26,Rain,light rain,http://openweathermap.org/img/wn/10d@2x.png,58.42,68.23,76,9,SW,2.86,0,1019,97,1606410000,-18000
254,North Carolina,Raleigh,4,Fri 11/27,Clouds,overcast clouds,http://openweathermap.org/img/wn/04d@2x.png,58.71,65.88,81,6,SW,0,0,1017,97,1606496400,-18000
255,North Carolina,Raleigh,5,Sat 11/28,Rain,light rain,http://openweathermap.org/img/wn/10d@2x.png,55.15,64.36,73,7,SW,0.57,0,1015,100,1606582800,-18000
256,North Carolina,Wilmington,1,Tue 11/24,Clear,sky is clear,http://openweathermap.org/img/wn/01d@2x.png,40.84,55.11,54,9,N,0,0,1028,1,1606233600,-18000
257,North Carolina,Wilmington,2,Wed 11/25,Rain,light rain,http://openweathermap.org/img/wn/10d@2x.png,50.32,65.77,70,1,SE,0.79,0,1028,100,1606320000,-18000
258,North Carolina,Wilmington,3,Thu 11/26,Rain,moderate rain,http://openweathermap.org/img/wn/10d@2x.png,66.31,75.07,76,10,S,3.07,0,1022,78,1606406400,-18000
259,North Carolina,Wilmington,4,Fri 11/27,Rain,light rain,http://openweathermap.org/img/wn/10d@2x.png,63.28,70.05,85,6,SW,1.56,0,1020,21,1606492800,-18000
260,North Carolina,Wilmington,5,Sat 11/28,Rain,light rain,http://openweathermap.org/img/wn/10d@2x.png,60.64,64.15,84,4,S,1.25,0,1018,75,1606579200,-18000
261,Ohio,Cleveland,1,Tue 11/24,Rain,light rain,http://openweathermap.org/img/wn/10d@2x.png,30.65,41.29,70,7,SE,0.32,0,1028,87,1606237200,-18000
262,Ohio,Cleveland,2,Wed 11/25,Rain,moderate rain,http://openweathermap.org/img/wn/10d@2x.png,40.64,52.16,88,16,SE,5.5,0,1017,100,1606323600,-18000
263,Ohio,Cleveland,3,Thu 11/26,Rain,moderate rain,http://openweathermap.org/img/wn/10d@2x.png,48.67,53.47,90,13,SW,5.25,0,1015,77,1606410000,-18000
264,Ohio,Cleveland,4,Fri 11/27,Clouds,overcast clouds,http://openweathermap.org/img/wn/04d@2x.png,46.15,52.23,69,9,SW,0,0,1016,96,1606496400,-18000
265,Ohio,Cleveland,5,Sat 11/28,Rain,light rain,http://openweathermap.org/img/wn/10d@2x.png,38.34,49.1,71,11,W,2.57,0,1020,88,1606582800,-18000
266,Ohio,Wilmington,1,Tue 11/24,Rain,light rain,http://openweathermap.org/img/wn/10d@2x.png,36.03,43.23,77,9,E,0.13,0,1025,98,1606237200,-18000
267,Ohio,Wilmington,2,Wed 11/25,Rain,heavy intensity rain,http://openweathermap.org/img/wn/10d@2x.png,42.84,55.56,91,20,S,30.29,0,1015,100,1606323600,-18000
268,Ohio,Wilmington,3,Thu 11/26,Rain,moderate rain,http://openweathermap.org/img/wn/10d@2x.png,48.09,51.76,88,9,SW,3.6,0,1018,87,1606410000,-18000
269,Ohio,Wilmington,4,Fri 11/27,Clouds,scattered clouds,http://openweathermap.org/img/wn/03d@2x.png,43.21,55.47,75,8,S,0,0,1016,28,1606496400,-18000
270,Ohio,Wilmington,5,Sat 11/28,Clear,sky is clear,http://openweathermap.org/img/wn/01d@2x.png,35.33,46.89,61,7,NW,0,0,1022,0,1606582800,-18000
271,Pennsylvania,Pittsburgh,1,Tue 11/24,Clouds,broken clouds,http://openweathermap.org/img/wn/04d@2x.png,31.1,40.44,71,4,E,0,0,1028,83,1606237200,-18000
272,Pennsylvania,Pittsburgh,2,Wed 11/25,Rain,moderate rain,http://openweathermap.org/img/wn/10d@2x.png,36.86,51.04,59,5,SE,3.23,0,1020,99,1606323600,-18000
273,Pennsylvania,Pittsburgh,3,Thu 11/26,Rain,moderate rain,http://openweathermap.org/img/wn/10d@2x.png,49.75,52.68,85,9,SW,3.53,0,1016,100,1606410000,-18000
274,Pennsylvania,Pittsburgh,4,Fri 11/27,Clouds,overcast clouds,http://openweathermap.org/img/wn/04d@2x.png,44.46,51.62,72,7,SW,0,0,1017,99,1606496400,-18000
275,Pennsylvania,Pittsburgh,5,Sat 11/28,Rain,light rain,http://openweathermap.org/img/wn/10d@2x.png,34.68,47.12,62,7,W,0.51,0,1019,34,1606582800,-18000
276,Pennsylvania,State College,1,Tue 11/24,Clouds,scattered clouds,http://openweathermap.org/img/wn/03d@2x.png,30.33,40.28,88,5,NW,0,0,1028,47,1606233600,-18000
277,Pennsylvania,State College,2,Wed 11/25,Rain,light rain,http://openweathermap.org/img/wn/10d@2x.png,31.57,44.15,73,5,SE,0.72,0,1025,98,1606320000,-18000
278,Pennsylvania,State College,3,Thu 11/26,Rain,light rain,http://openweathermap.org/img/wn/10d@2x.png,42.03,53.4,88,8,S,2.94,0,1015,94,1606406400,-18000
279,Pennsylvania,State College,4,Fri 11/27,Clouds,overcast clouds,http://openweathermap.org/img/wn/04d@2x.png,42.39,54,79,5,SW,0,0,1019,100,1606492800,-18000
280,Pennsylvania,State College,5,Sat 11/28,Rain,light rain,http://openweathermap.org/img/wn/10d@2x.png,33.46,46.85,79,9,W,0.68,0,1016,91,1606579200,-18000
281,South Carolina,Charleston,1,Tue 11/24,Clear,sky is clear,http://openweathermap.org/img/wn/01d@2x.png,42.67,59.23,50,7,NE,0,0,1028,0,1606237200,-18000
282,South Carolina,Charleston,2,Wed 11/25,Rain,light rain,http://openweathermap.org/img/wn/10d@2x.png,56.07,74.41,55,9,SE,1.34,0,1025,83,1606323600,-18000
283,South Carolina,Charleston,3,Thu 11/26,Rain,light rain,http://openweathermap.org/img/wn/10d@2x.png,64.24,77.23,57,8,S,0.69,0,1021,81,1606410000,-18000
284,South Carolina,Charleston,4,Fri 11/27,Rain,light rain,http://openweathermap.org/img/wn/10d@2x.png,63.7,76.62,64,7,SW,1.5,0,1018,79,1606496400,-18000
285,South Carolina,Charleston,5,Sat 11/28,Rain,moderate rain,http://openweathermap.org/img/wn/10d@2x.png,62.82,68.97,77,5,W,5.47,0,1016,99,1606582800,-18000
286,South Carolina,Columbia,1,Tue 11/24,Clouds,few clouds,http://openweathermap.org/img/wn/02d@2x.png,43.14,56.48,41,6,E,0,0,1029,13,1606237200,-18000
287,South Carolina,Columbia,2,Wed 11/25,Clouds,overcast clouds,http://openweathermap.org/img/wn/04d@2x.png,49.8,62.49,72,5,E,0,0,1025,100,1606323600,-18000
288,South Carolina,Columbia,3,Thu 11/26,Rain,moderate rain,http://openweathermap.org/img/wn/10d@2x.png,60.49,72.5,75,10,SW,4.11,0,1019,79,1606410000,-18000
289,South Carolina,Columbia,4,Fri 11/27,Rain,light rain,http://openweathermap.org/img/wn/10d@2x.png,61.93,73.38,73,6,SW,0.35,0,1018,99,1606496400,-18000
290,South Carolina,Columbia,5,Sat 11/28,Rain,moderate rain,http://openweathermap.org/img/wn/10d@2x.png,61.47,68.22,89,5,SW,5.4,0,1015,100,1606582800,-18000
291,South Carolina,Greenville-Spartanburg,1,Tue 11/24,Clouds,scattered clouds,http://openweathermap.org/img/wn/03d@2x.png,35.98,51.55,52,4,E,0,0,1028,47,1606237200,-18000
292,South Carolina,Greenville-Spartanburg,2,Wed 11/25,Rain,light rain,http://openweathermap.org/img/wn/10d@2x.png,42.24,51.1,80,3,NE,0.26,0,1024,100,1606323600,-18000
293,South Carolina,Greenville-Spartanburg,3,Thu 11/26,Rain,light rain,http://openweathermap.org/img/wn/10d@2x.png,52.25,66.76,89,8,SW,2.9,0,1018,99,1606410000,-18000
294,South Carolina,Greenville-Spartanburg,4,Fri 11/27,Clear,sky is clear,http://openweathermap.org/img/wn/01d@2x.png,54.63,70.2,56,4,SW,0,0,1018,3,1606496400,-18000
295,South Carolina,Greenville-Spartanburg,5,Sat 11/28,Rain,light rain,http://openweathermap.org/img/wn/10d@2x.png,57.29,66.45,74,6,W,1.17,0,1016,100,1606582800,-18000
296,Vermont,Burlington,1,Tue 11/24,Clouds,scattered clouds,http://openweathermap.org/img/wn/03d@2x.png,25.75,34.59,87,16,NW,0,0,1027,43,1606233600,-18000
297,Vermont,Burlington,2,Wed 11/25,Clouds,overcast clouds,http://openweathermap.org/img/wn/04d@2x.png,27.84,41.49,78,19,SE,0,0,1026,100,1606320000,-18000
298,Vermont,Burlington,3,Thu 11/26,Rain,light rain,http://openweathermap.org/img/wn/10d@2x.png,39.6,47.93,86,11,SE,2.24,0,1020,98,1606406400,-18000
299,Vermont,Burlington,4,Fri 11/27,Rain,light rain,http://openweathermap.org/img/wn/10d@2x.png,45.09,49.69,91,7,SE,0.28,0,1017,97,1606492800,-18000
300,Vermont,Burlington,5,Sat 11/28,Rain,light rain,http://openweathermap.org/img/wn/10d@2x.png,37.96,47.23,82,8,SW,0.52,0,1010,50,1606579200,-18000
301,Virginia,Baltimore/Washington,1,Tue 11/24,Clouds,broken clouds,http://openweathermap.org/img/wn/04d@2x.png,35.92,45.14,64,6,NW,0,0,1028,52,1606233600,-18000
302,Virginia,Baltimore/Washington,2,Wed 11/25,Clouds,overcast clouds,http://openweathermap.org/img/wn/04d@2x.png,40.42,53.49,60,12,S,0,0,1027,100,1606320000,-18000
303,Virginia,Baltimore/Washington,3,Thu 11/26,Rain,heavy intensity rain,http://openweathermap.org/img/wn/10d@2x.png,50.74,66.18,87,13,S,17.02,0,1017,95,1606406400,-18000
304,Virginia,Baltimore/Washington,4,Fri 11/27,Clear,sky is clear,http://openweathermap.org/img/wn/01d@2x.png,46.27,61.12,71,2,NW,0,0,1020,1,1606492800,-18000
305,Virginia,Baltimore/Washington,5,Sat 11/28,Rain,light rain,http://openweathermap.org/img/wn/10d@2x.png,42.89,57.72,92,2,S,0.69,0,1014,100,1606579200,-18000
306,Virginia,Blacksburg/Roanoke,1,Tue 11/24,Clouds,scattered clouds,http://openweathermap.org/img/wn/03d@2x.png,30.04,44.87,60,5,SE,0,0,1027,44,1606237200,-18000
307,Virginia,Blacksburg/Roanoke,2,Wed 11/25,Rain,light rain,http://openweathermap.org/img/wn/10d@2x.png,34.63,53.8,74,11,S,1.18,0,1023,100,1606323600,-18000
308,Virginia,Blacksburg/Roanoke,3,Thu 11/26,Rain,moderate rain,http://openweathermap.org/img/wn/10d@2x.png,46.96,62.87,62,11,SW,8.67,0,1017,30,1606410000,-18000
309,Virginia,Blacksburg/Roanoke,4,Fri 11/27,Clear,sky is clear,http://openweathermap.org/img/wn/01d@2x.png,43.45,61.57,55,4,SW,0,0,1018,0,1606496400,-18000
310,Virginia,Blacksburg/Roanoke,5,Sat 11/28,Rain,light rain,http://openweathermap.org/img/wn/10d@2x.png,37.85,54.68,79,9,W,1.69,0,1017,100,1606582800,-18000
311,Virginia,Wakefield,1,Tue 11/24,Clear,sky is clear,http://openweathermap.org/img/wn/01d@2x.png,33.13,48.24,68,6,N,0,0,1029,1,1606233600,-18000
312,Virginia,Wakefield,2,Wed 11/25,Clouds,overcast clouds,http://openweathermap.org/img/wn/04d@2x.png,40.48,59.49,67,6,S,0,0,1029,100,1606320000,-18000
313,Virginia,Wakefield,3,Thu 11/26,Rain,moderate rain,http://openweathermap.org/img/wn/10d@2x.png,57.4,67.44,95,10,S,8.8,0,1020,100,1606406400,-18000
314,Virginia,Wakefield,4,Fri 11/27,Rain,light rain,http://openweathermap.org/img/wn/10d@2x.png,53.67,61.59,89,4,N,0.64,0,1020,99,1606492800,-18000
315,Virginia,Wakefield,5,Sat 11/28,Rain,light rain,http://openweathermap.org/img/wn/10d@2x.png,52.5,64.45,88,9,S,0.41,0,1016,100,1606579200,-18000
316,West Virginia,Charleston,1,Tue 11/24,Clouds,overcast clouds,http://openweathermap.org/img/wn/04d@2x.png,32.92,50.07,53,3,E,0,0,1026,94,1606237200,-18000
317,West Virginia,Charleston,2,Wed 11/25,Rain,moderate rain,http://openweathermap.org/img/wn/10d@2x.png,41.61,61.43,51,11,S,9.84,0,1019,100,1606323600,-18000
318,West Virginia,Charleston,3,Thu 11/26,Rain,light rain,http://openweathermap.org/img/wn/10d@2x.png,48.47,58.42,70,7,SW,1.47,0,1018,19,1606410000,-18000
319,West Virginia,Charleston,4,Fri 11/27,Clear,sky is clear,http://openweathermap.org/img/wn/01d@2x.png,45.43,61.57,61,5,SW,0,0,1018,2,1606496400,-18000
320,West Virginia,Charleston,5,Sat 11/28,Rain,light rain,http://openweathermap.org/img/wn/10d@2x.png,38.57,53.73,65,8,NW,0.33,0,1020,97,1606582800,-18000
321,Hawaii,Honolulu,1,Wed 11/25,Rain,moderate rain,http://openweathermap.org/img/wn/10d@2x.png,73.85,77.34,78,18,NE,5.53,0,1018,38,1606255200,-36000
322,Hawaii,Honolulu,2,Thu 11/26,Rain,light rain,http://openweathermap.org/img/wn/10d@2x.png,75.22,77.86,75,17,NE,2.11,0,1018,44,1606341600,-36000
323,Hawaii,Honolulu,3,Fri 11/27,Rain,light rain,http://openweathermap.org/img/wn/10d@2x.png,73.78,77.59,73,15,NE,2.28,0,1019,21,1606428000,-36000
324,Hawaii,Honolulu,4,Sat 11/28,Rain,light rain,http://openweathermap.org/img/wn/10d@2x.png,73.31,76.35,72,21,NE,0.43,0,1018,28,1606514400,-36000
325,Hawaii,Honolulu,5,Sun 11/29,Rain,light rain,http://openweathermap.org/img/wn/10d@2x.png,71.04,74.61,74,21,NE,0.93,0,1018,18,1606600800,-36000
326,Alabama,Birmingham,1,Tue 11/24,Clear,sky is clear,http://openweathermap.org/img/wn/01d@2x.png,38.37,61.66,56,10,SE,0,0,1023,3,1606237200,-21600
327,Alabama,Birmingham,2,Wed 11/25,Rain,light rain,http://openweathermap.org/img/wn/10d@2x.png,52.74,70.45,71,11,S,1.75,0,1019,51,1606323600,-21600
328,Alabama,Birmingham,3,Thu 11/26,Rain,moderate rain,http://openweathermap.org/img/wn/10d@2x.png,61.43,71.24,85,4,SW,7.08,0,1018,89,1606410000,-21600
329,Alabama,Birmingham,4,Fri 11/27,Rain,heavy intensity rain,http://openweathermap.org/img/wn/10d@2x.png,58.8,71.15,82,4,SE,36.48,0,1017,83,1606496400,-21600
330,Alabama,Birmingham,5,Sat 11/28,Rain,heavy intensity rain,http://openweathermap.org/img/wn/10d@2x.png,56.75,64.2,90,6,NW,14.55,0,1017,100,1606582800,-21600
331,Alabama,Huntsville,1,Tue 11/24,Clouds,broken clouds,http://openweathermap.org/img/wn/04d@2x.png,36.52,57.9,59,13,SE,0,0,1023,52,1606237200,-21600
332,Alabama,Huntsville,2,Wed 11/25,Rain,moderate rain,http://openweathermap.org/img/wn/10d@2x.png,51.24,63.59,82,13,S,10.49,0,1017,95,1606323600,-21600
333,Alabama,Huntsville,3,Thu 11/26,Rain,light rain,http://openweathermap.org/img/wn/10d@2x.png,50.49,66.52,52,3,SW,1.29,0,1018,0,1606410000,-21600
334,Alabama,Huntsville,4,Fri 11/27,Rain,light rain,http://openweathermap.org/img/wn/10d@2x.png,52.47,69.91,70,6,S,1.95,0,1017,42,1606496400,-21600
335,Alabama,Huntsville,5,Sat 11/28,Rain,light rain,http://openweathermap.org/img/wn/10d@2x.png,50.02,59.32,78,10,N,1.56,0,1019,100,1606582800,-21600
336,Alabama,Mobile/Pensacola,1,Tue 11/24,Clear,sky is clear,http://openweathermap.org/img/wn/01d@2x.png,41.81,68.99,60,7,SE,0,0,1022,0,1606237200,-21600
337,Alabama,Mobile/Pensacola,2,Wed 11/25,Rain,light rain,http://openweathermap.org/img/wn/10d@2x.png,63.57,77.02,65,11,S,1.88,0,1019,10,1606323600,-21600
338,Alabama,Mobile/Pensacola,3,Thu 11/26,Rain,light rain,http://openweathermap.org/img/wn/10d@2x.png,65.61,79.47,63,7,S,0.49,0,1018,10,1606410000,-21600
339,Alabama,Mobile/Pensacola,4,Fri 11/27,Rain,moderate rain,http://openweathermap.org/img/wn/10d@2x.png,66.67,78.62,67,8,S,6.72,0,1018,73,1606496400,-21600
340,Alabama,Mobile/Pensacola,5,Sat 11/28,Rain,heavy intensity rain,http://openweathermap.org/img/wn/10d@2x.png,62.13,67.44,81,5,N,22.87,0,1017,100,1606582800,-21600
341,Arkansas,Little Rock,1,Tue 11/24,Rain,moderate rain,http://openweathermap.org/img/wn/10d@2x.png,37.53,59.2,61,8,SE,3.75,0,1019,93,1606237200,-21600
342,Arkansas,Little Rock,2,Wed 11/25,Rain,moderate rain,http://openweathermap.org/img/wn/10d@2x.png,50.38,65.82,61,10,SW,9.18,0,1014,0,1606323600,-21600
343,Arkansas,Little Rock,3,Thu 11/26,Clear,sky is clear,http://openweathermap.org/img/wn/01d@2x.png,44.6,64.04,52,4,S,0,0,1018,0,1606410000,-21600
344,Arkansas,Little Rock,4,Fri 11/27,Rain,light rain,http://openweathermap.org/img/wn/10d@2x.png,50.76,64.04,76,7,NW,0.25,0,1017,92,1606496400,-21600
345,Arkansas,Little Rock,5,Sat 11/28,Clear,sky is clear,http://openweathermap.org/img/wn/01d@2x.png,40.93,52.99,46,6,N,0,0,1024,0,1606582800,-21600
346,Florida,Jacksonville,1,Tue 11/24,Clear,sky is clear,http://openweathermap.org/img/wn/01d@2x.png,56.95,70.65,61,9,NE,0,0,1024,5,1606237200,-18000
347,Florida,Jacksonville,2,Wed 11/25,Clouds,few clouds,http://openweathermap.org/img/wn/02d@2x.png,66.87,77.67,48,8,SE,0,0,1023,19,1606323600,-18000
348,Florida,Jacksonville,3,Thu 11/26,Clouds,few clouds,http://openweathermap.org/img/wn/02d@2x.png,64.56,80.11,48,4,S,0,0,1021,13,1606410000,-18000
349,Florida,Jacksonville,4,Fri 11/27,Clear,sky is clear,http://openweathermap.org/img/wn/01d@2x.png,65.25,81.73,47,3,SW,0,0,1019,7,1606496400,-18000
350,Florida,Jacksonville,5,Sat 11/28,Clouds,overcast clouds,http://openweathermap.org/img/wn/04d@2x.png,65.39,79.18,51,5,SW,0,0,1017,97,1606582800,-18000
351,Florida,Key West,1,Tue 11/24,Rain,light rain,http://openweathermap.org/img/wn/10d@2x.png,71.44,77.92,79,23,NE,0.85,0,1019,25,1606237200,-18000
352,Florida,Key West,2,Wed 11/25,Rain,light rain,http://openweathermap.org/img/wn/10d@2x.png,77.22,78.69,74,16,E,1.1,0,1020,2,1606323600,-18000
353,Florida,Key West,3,Thu 11/26,Rain,light rain,http://openweathermap.org/img/wn/10d@2x.png,75.58,76.87,70,14,E,0.8,0,1019,19,1606410000,-18000
354,Florida,Key West,4,Fri 11/27,Rain,light rain,http://openweathermap.org/img/wn/10d@2x.png,76.26,76.89,74,14,NE,0.73,0,1017,11,1606496400,-18000
355,Florida,Key West,5,Sat 11/28,Clear,sky is clear,http://openweathermap.org/img/wn/01d@2x.png,76.51,77.79,63,7,E,0,0,1016,0,1606582800,-18000
356,Florida,Melbourne,1,Tue 11/24,Rain,light rain,http://openweathermap.org/img/wn/10d@2x.png,63.66,72.34,71,14,NE,0.43,0,1022,14,1606237200,-18000
357,Florida,Melbourne,2,Wed 11/25,Rain,light rain,http://openweathermap.org/img/wn/10d@2x.png,69.08,75.38,67,12,E,1.05,0,1023,2,1606323600,-18000
358,Florida,Melbourne,3,Thu 11/26,Clear,sky is clear,http://openweathermap.org/img/wn/01d@2x.png,69.75,77.61,60,8,E,0,0,1021,1,1606410000,-18000
359,Florida,Melbourne,4,Fri 11/27,Clear,sky is clear,http://openweathermap.org/img/wn/01d@2x.png,68.83,77.43,53,5,NE,0,0,1019,0,1606496400,-18000
360,Florida,Melbourne,5,Sat 11/28,Clouds,few clouds,http://openweathermap.org/img/wn/02d@2x.png,68.11,78.1,58,2,E,0,0,1017,24,1606582800,-18000
361,Florida,Miami,1,Tue 11/24,Rain,light rain,http://openweathermap.org/img/wn/10d@2x.png,67.51,77.23,68,19,NE,1.34,0,1020,45,1606237200,-18000
362,Florida,Miami,2,Wed 11/25,Rain,light rain,http://openweathermap.org/img/wn/10d@2x.png,74.79,78.57,66,18,E,2.26,0,1021,64,1606323600,-18000
363,Florida,Miami,3,Thu 11/26,Rain,light rain,http://openweathermap.org/img/wn/10d@2x.png,73.6,79.63,57,13,E,0.47,0,1019,32,1606410000,-18000
364,Florida,Miami,4,Fri 11/27,Rain,light rain,http://openweathermap.org/img/wn/10d@2x.png,74.1,80.17,56,8,E,0.15,0,1018,13,1606496400,-18000
365,Florida,Miami,5,Sat 11/28,Clouds,few clouds,http://openweathermap.org/img/wn/02d@2x.png,73.47,81.23,53,6,E,0,0,1016,11,1606582800,-18000
366,Florida,Tallahassee,1,Tue 11/24,Clear,sky is clear,http://openweathermap.org/img/wn/01d@2x.png,43.84,70.12,56,6,E,0,0,1024,0,1606237200,-18000
367,Florida,Tallahassee,2,Wed 11/25,Clear,sky is clear,http://openweathermap.org/img/wn/01d@2x.png,57.06,76.5,54,9,SE,0,0,1022,1,1606323600,-18000
368,Florida,Tallahassee,3,Thu 11/26,Rain,light rain,http://openweathermap.org/img/wn/10d@2x.png,64.36,78.46,65,10,SE,1.78,0,1019,48,1606410000,-18000
369,Florida,Tallahassee,4,Fri 11/27,Rain,light rain,http://openweathermap.org/img/wn/10d@2x.png,65.44,78.89,62,6,S,0.37,0,1018,34,1606496400,-18000
370,Florida,Tallahassee,5,Sat 11/28,Rain,moderate rain,http://openweathermap.org/img/wn/10d@2x.png,64.18,76.01,66,6,S,5.47,0,1016,86,1606582800,-18000
371,Florida,Tampa,1,Tue 11/24,Clear,sky is clear,http://openweathermap.org/img/wn/01d@2x.png,60.62,74.64,66,12,NE,0,0,1022,0,1606237200,-18000
372,Florida,Tampa,2,Wed 11/25,Clear,sky is clear,http://openweathermap.org/img/wn/01d@2x.png,65.23,76.66,67,11,E,0,0,1022,8,1606323600,-18000
373,Florida,Tampa,3,Thu 11/26,Clear,sky is clear,http://openweathermap.org/img/wn/01d@2x.png,66.22,76.78,65,2,E,0,0,1020,0,1606410000,-18000
374,Florida,Tampa,4,Fri 11/27,Clear,sky is clear,http://openweathermap.org/img/wn/01d@2x.png,66.13,77.63,63,3,E,0,0,1019,2,1606496400,-18000
375,Florida,Tampa,5,Sat 11/28,Rain,light rain,http://openweathermap.org/img/wn/10d@2x.png,67.37,77.22,64,3,S,0.25,0,1017,9,1606582800,-18000
376,Georgia,Peachtree City/Atlanta,1,Tue 11/24,Clear,sky is clear,http://openweathermap.org/img/wn/01d@2x.png,37.18,57.92,49,10,E,0,0,1026,0,1606237200,-18000
377,Georgia,Peachtree City/Atlanta,2,Wed 11/25,Rain,light rain,http://openweathermap.org/img/wn/10d@2x.png,49.71,67.8,77,9,SE,0.77,0,1022,100,1606323600,-18000
378,Georgia,Peachtree City/Atlanta,3,Thu 11/26,Rain,moderate rain,http://openweathermap.org/img/wn/10d@2x.png,61.66,69.66,85,7,S,3.47,0,1018,99,1606410000,-18000
379,Georgia,Peachtree City/Atlanta,4,Fri 11/27,Rain,moderate rain,http://openweathermap.org/img/wn/10d@2x.png,58.1,69.42,79,3,SW,3.07,0,1018,75,1606496400,-18000
380,Georgia,Peachtree City/Atlanta,5,Sat 11/28,Rain,heavy intensity rain,http://openweathermap.org/img/wn/10d@2x.png,60.37,68.18,74,5,W,14.83,0,1016,98,1606582800,-18000
381,Louisiana,Lake Charles,1,Tue 11/24,Rain,moderate rain,http://openweathermap.org/img/wn/10d@2x.png,54.66,71.85,75,14,SE,3.29,0,1017,74,1606237200,-21600
382,Louisiana,Lake Charles,2,Thu 11/26,Rain,moderate rain,http://openweathermap.org/img/wn/10d@2x.png,67.93,79.9,66,12,SW,6.56,0,1017,4,1606327200,-21600
383,Louisiana,Lake Charles,3,Fri 11/27,Rain,light rain,http://openweathermap.org/img/wn/10d@2x.png,59.58,79.18,66,2,E,0.58,0,1017,28,1606413600,-21600
384,Louisiana,Lake Charles,4,Sat 11/28,Rain,heavy intensity rain,http://openweathermap.org/img/wn/10d@2x.png,67.86,78.04,73,12,S,21.48,0,1016,100,1606500000,-21600
385,Louisiana,Lake Charles,5,Sun 11/29,Rain,heavy intensity rain,http://openweathermap.org/img/wn/10d@2x.png,51.55,67.1,86,10,N,14.77,0,1019,100,1606586400,-21600
386,Louisiana,New Orleans/Baton Rouge,1,Tue 11/24,Clear,sky is clear,http://openweathermap.org/img/wn/01d@2x.png,43.84,69.33,71,9,E,0,0,1021,0,1606237200,-21600
387,Louisiana,New Orleans/Baton Rouge,2,Wed 11/25,Rain,moderate rain,http://openweathermap.org/img/wn/10d@2x.png,65.84,75.63,73,12,S,4.49,0,1018,27,1606323600,-21600
388,Louisiana,New Orleans/Baton Rouge,3,Thu 11/26,Rain,heavy intensity rain,http://openweathermap.org/img/wn/10d@2x.png,67.12,76.95,73,8,S,12.99,0,1017,39,1606410000,-21600
389,Louisiana,New Orleans/Baton Rouge,4,Fri 11/27,Rain,moderate rain,http://openweathermap.org/img/wn/10d@2x.png,67.41,75.99,75,7,S,8.76,0,1017,93,1606496400,-21600
390,Louisiana,New Orleans/Baton Rouge,5,Sat 11/28,Rain,heavy intensity rain,http://openweathermap.org/img/wn/10d@2x.png,62.38,67.03,91,4,E,27.47,0,1018,100,1606582800,-21600
391,Louisiana,Shreveport,1,Wed 11/25,Rain,light rain,http://openweathermap.org/img/wn/10d@2x.png,45.48,68.76,69,9,SE,0.24,0,1018,48,1606240800,-21600
392,Louisiana,Shreveport,2,Thu 11/26,Rain,moderate rain,http://openweathermap.org/img/wn/10d@2x.png,56.55,69.51,50,7,W,6.52,0,1016,5,1606327200,-21600
393,Louisiana,Shreveport,3,Fri 11/27,Clear,sky is clear,http://openweathermap.org/img/wn/01d@2x.png,50.49,71.42,39,4,SE,0,0,1017,0,1606413600,-21600
394,Louisiana,Shreveport,4,Sat 11/28,Rain,heavy intensity rain,http://openweathermap.org/img/wn/10d@2x.png,62.04,70.05,88,2,NW,12.47,0,1015,100,1606500000,-21600
395,Louisiana,Shreveport,5,Sun 11/29,Rain,light rain,http://openweathermap.org/img/wn/10d@2x.png,49.73,57.27,48,8,N,1.73,0,1022,95,1606586400,-21600
396,Mississippi,Jackson,1,Tue 11/24,Clear,sky is clear,http://openweathermap.org/img/wn/01d@2x.png,37.17,65.46,57,6,SE,0,0,1021,8,1606237200,-21600
397,Mississippi,Jackson,2,Wed 11/25,Rain,moderate rain,http://openweathermap.org/img/wn/10d@2x.png,64.78,73.76,78,14,S,5.2,0,1016,100,1606323600,-21600
398,Mississippi,Jackson,3,Thu 11/26,Clouds,broken clouds,http://openweathermap.org/img/wn/04d@2x.png,58.6,75.07,64,4,S,0,0,1017,64,1606410000,-21600
399,Mississippi,Jackson,4,Fri 11/27,Rain,heavy intensity rain,http://openweathermap.org/img/wn/10d@2x.png,63,70.84,83,7,SW,33.28,0,1016,97,1606496400,-21600
400,Mississippi,Jackson,5,Sat 11/28,Rain,moderate rain,http://openweathermap.org/img/wn/10d@2x.png,50.58,62.65,83,7,N,9.48,0,1020,100,1606582800,-21600
401,New Mexico,Albuquerque,1,Wed 11/25,Rain,light rain,http://openweathermap.org/img/wn/10d@2x.png,41.29,51.04,49,19,W,2.57,0,1008,64,1606240800,-25200
402,New Mexico,Albuquerque,2,Thu 11/26,Clear,sky is clear,http://openweathermap.org/img/wn/01d@2x.png,35.78,49.62,50,5,SW,0,0,1018,0,1606327200,-25200
403,New Mexico,Albuquerque,3,Fri 11/27,Clear,sky is clear,http://openweathermap.org/img/wn/01d@2x.png,37.87,55.71,42,5,SW,0,0,1014,0,1606413600,-25200
404,New Mexico,Albuquerque,4,Sat 11/28,Clouds,broken clouds,http://openweathermap.org/img/wn/04d@2x.png,36.14,44.2,63,9,NE,0,0,1026,82,1606500000,-25200
405,New Mexico,Albuquerque,5,Sun 11/29,Clear,sky is clear,http://openweathermap.org/img/wn/01d@2x.png,33.3,50.52,52,6,NW,0,0,1026,0,1606586400,-25200
406,Oklahoma,Norman/Oklahoma City,1,Wed 11/25,Rain,moderate rain,http://openweathermap.org/img/wn/10d@2x.png,52.25,65.93,88,26,SE,5.42,0,1010,98,1606240800,-21600
407,Oklahoma,Norman/Oklahoma City,2,Thu 11/26,Clear,sky is clear,http://openweathermap.org/img/wn/01d@2x.png,43.54,59.22,40,12,W,0,0,1017,0,1606327200,-21600
408,Oklahoma,Norman/Oklahoma City,3,Fri 11/27,Clear,sky is clear,http://openweathermap.org/img/wn/01d@2x.png,44.02,66.88,42,22,S,0,0,1012,1,1606413600,-21600
409,Oklahoma,Norman/Oklahoma City,4,Sat 11/28,Clouds,broken clouds,http://openweathermap.org/img/wn/04d@2x.png,42.73,54.79,45,21,N,0,0,1021,65,1606500000,-21600
410,Oklahoma,Norman/Oklahoma City,5,Sun 11/29,Clear,sky is clear,http://openweathermap.org/img/wn/01d@2x.png,37.67,56.82,40,6,W,0,0,1026,0,1606586400,-21600
411,Oklahoma,Tulsa,1,Wed 11/25,Rain,light rain,http://openweathermap.org/img/wn/10d@2x.png,51.01,60.39,77,18,SE,2.84,0,1012,98,1606240800,-21600
412,Oklahoma,Tulsa,2,Thu 11/26,Rain,light rain,http://openweathermap.org/img/wn/10d@2x.png,44.31,57.79,55,13,W,0.34,0,1016,9,1606327200,-21600
413,Oklahoma,Tulsa,3,Fri 11/27,Clear,sky is clear,http://openweathermap.org/img/wn/01d@2x.png,41.81,62.76,45,14,SE,0,0,1014,5,1606413600,-21600
414,Oklahoma,Tulsa,4,Sat 11/28,Clouds,scattered clouds,http://openweathermap.org/img/wn/03d@2x.png,44.35,55.27,43,17,N,0,0,1022,32,1606500000,-21600
415,Oklahoma,Tulsa,5,Sun 11/29,Clear,sky is clear,http://openweathermap.org/img/wn/01d@2x.png,37.02,55.09,43,3,W,0,0,1026,0,1606586400,-21600
416,Tennessee,Memphis,1,Tue 11/24,Clouds,broken clouds,http://openweathermap.org/img/wn/04d@2x.png,38.3,57.07,56,10,SE,0,0,1021,75,1606237200,-21600
417,Tennessee,Memphis,2,Wed 11/25,Rain,moderate rain,http://openweathermap.org/img/wn/10d@2x.png,53.37,73.45,51,19,SW,4.36,0,1012,43,1606323600,-21600
418,Tennessee,Memphis,3,Thu 11/26,Clear,sky is clear,http://openweathermap.org/img/wn/01d@2x.png,47.3,64.06,53,3,S,0,0,1019,0,1606410000,-21600
419,Tennessee,Memphis,4,Fri 11/27,Rain,light rain,http://openweathermap.org/img/wn/10d@2x.png,51.17,68.29,74,6,S,0.57,0,1015,79,1606496400,-21600
420,Tennessee,Memphis,5,Sat 11/28,Clouds,overcast clouds,http://openweathermap.org/img/wn/04d@2x.png,43.52,52.54,48,11,N,0,0,1022,89,1606582800,-21600
421,Tennessee,Morristown/Knoxville,1,Tue 11/24,Clouds,broken clouds,http://openweathermap.org/img/wn/04d@2x.png,35.26,52.11,55,4,NE,0,0,1025,76,1606237200,-18000
422,Tennessee,Morristown/Knoxville,2,Wed 11/25,Rain,moderate rain,http://openweathermap.org/img/wn/10d@2x.png,39.58,65.28,55,11,S,3.38,0,1020,100,1606323600,-18000
423,Tennessee,Morristown/Knoxville,3,Thu 11/26,Rain,moderate rain,http://openweathermap.org/img/wn/10d@2x.png,50.29,65.07,69,9,SW,8.63,0,1018,72,1606410000,-18000
424,Tennessee,Morristown/Knoxville,4,Fri 11/27,Clear,sky is clear,http://openweathermap.org/img/wn/01d@2x.png,46.81,64.99,59,6,SW,0,0,1017,6,1606496400,-18000
425,Tennessee,Morristown/Knoxville,5,Sat 11/28,Rain,moderate rain,http://openweathermap.org/img/wn/10d@2x.png,45.95,56.1,80,5,NW,3.3,0,1018,100,1606582800,-18000
426,Tennessee,Nashville,1,Tue 11/24,Clouds,overcast clouds,http://openweathermap.org/img/wn/04d@2x.png,36.19,57.06,52,11,S,0,0,1023,87,1606237200,-21600
427,Tennessee,Nashville,2,Wed 11/25,Rain,moderate rain,http://openweathermap.org/img/wn/10d@2x.png,55.53,63.3,77,20,S,6.94,0,1014,100,1606323600,-21600
428,Tennessee,Nashville,3,Thu 11/26,Clear,sky is clear,http://openweathermap.org/img/wn/01d@2x.png,49.62,62.82,54,4,SW,0,0,1019,0,1606410000,-21600
429,Tennessee,Nashville,4,Fri 11/27,Rain,light rain,http://openweathermap.org/img/wn/10d@2x.png,49.55,66.72,59,5,S,1.46,0,1016,26,1606496400,-21600
430,Tennessee,Nashville,5,Sat 11/28,Clouds,overcast clouds,http://openweathermap.org/img/wn/04d@2x.png,45.25,56.98,51,8,N,0,0,1021,100,1606582800,-21600
431,Texas,Amarillo,1,Wed 11/25,Rain,light rain,http://openweathermap.org/img/wn/10d@2x.png,40.73,63.18,45,26,SW,0.6,0,1003,30,1606240800,-21600
432,Texas,Amarillo,2,Thu 11/26,Clear,sky is clear,http://openweathermap.org/img/wn/01d@2x.png,36.84,59.27,36,9,S,0,0,1017,0,1606327200,-21600
433,Texas,Amarillo,3,Fri 11/27,Clouds,few clouds,http://openweathermap.org/img/wn/02d@2x.png,43.92,57.31,37,12,W,0,0,1011,20,1606413600,-21600
434,Texas,Amarillo,4,Sat 11/28,Clouds,scattered clouds,http://openweathermap.org/img/wn/03d@2x.png,34.84,48.56,48,17,N,0,0,1026,31,1606500000,-21600
435,Texas,Amarillo,5,Sun 11/29,Clear,sky is clear,http://openweathermap.org/img/wn/01d@2x.png,34.61,58.17,38,8,W,0,0,1023,0,1606586400,-21600
436,Texas,Austin/San Antonio,1,Wed 11/25,Rain,light rain,http://openweathermap.org/img/wn/10d@2x.png,62.87,75.31,80,17,S,1.35,0,1013,97,1606240800,-21600
437,Texas,Austin/San Antonio,2,Thu 11/26,Clear,sky is clear,http://openweathermap.org/img/wn/01d@2x.png,57.45,74.53,33,11,N,0,0,1018,0,1606327200,-21600
438,Texas,Austin/San Antonio,3,Fri 11/27,Clear,sky is clear,http://openweathermap.org/img/wn/01d@2x.png,51.66,79.36,60,8,SE,0,0,1015,9,1606413600,-21600
439,Texas,Austin/San Antonio,4,Sat 11/28,Rain,moderate rain,http://openweathermap.org/img/wn/10d@2x.png,57.54,71.49,69,10,NW,6.58,0,1016,100,1606500000,-21600
440,Texas,Austin/San Antonio,5,Sun 11/29,Clouds,scattered clouds,http://openweathermap.org/img/wn/03d@2x.png,48.09,61.52,33,19,N,0,0,1024,41,1606586400,-21600
441,Texas,Brownsville,1,Wed 11/25,Clouds,few clouds,http://openweathermap.org/img/wn/02d@2x.png,72.52,82.02,61,21,SE,0,0,1013,19,1606240800,-21600
442,Texas,Brownsville,2,Thu 11/26,Clouds,scattered clouds,http://openweathermap.org/img/wn/03d@2x.png,72.23,86.36,58,11,S,0,0,1016,46,1606327200,-21600
443,Texas,Brownsville,3,Fri 11/27,Clear,sky is clear,http://openweathermap.org/img/wn/01d@2x.png,70.68,85.17,57,17,SE,0,0,1014,3,1606413600,-21600
444,Texas,Brownsville,4,Sat 11/28,Clouds,broken clouds,http://openweathermap.org/img/wn/04d@2x.png,75.69,84.65,57,21,SE,0,0,1013,60,1606500000,-21600
445,Texas,Brownsville,5,Sun 11/29,Rain,moderate rain,http://openweathermap.org/img/wn/10d@2x.png,53.85,75.4,76,21,NW,10.68,0,1022,100,1606586400,-21600
446,Texas,Corpus Christi,1,Wed 11/25,Rain,light rain,http://openweathermap.org/img/wn/10d@2x.png,71.29,80.8,66,22,SE,0.56,0,1013,63,1606240800,-21600
447,Texas,Corpus Christi,2,Thu 11/26,Clouds,few clouds,http://openweathermap.org/img/wn/02d@2x.png,68.97,82.49,52,3,W,0,0,1016,15,1606327200,-21600
448,Texas,Corpus Christi,3,Fri 11/27,Clouds,few clouds,http://openweathermap.org/img/wn/02d@2x.png,67.1,85.05,46,13,SE,0,0,1015,20,1606413600,-21600
449,Texas,Corpus Christi,4,Sat 11/28,Rain,moderate rain,http://openweathermap.org/img/wn/10d@2x.png,73.63,82.11,64,13,SE,6.4,0,1013,98,1606500000,-21600
450,Texas,Corpus Christi,5,Sun 11/29,Rain,heavy intensity rain,http://openweathermap.org/img/wn/10d@2x.png,51.46,62.55,69,19,NW,18.73,0,1022,100,1606586400,-21600
451,Texas,El Paso,1,Wed 11/25,Clear,sky is clear,http://openweathermap.org/img/wn/01d@2x.png,47.59,62.04,30,28,W,0,0,1011,0,1606240800,-25200
452,Texas,El Paso,2,Thu 11/26,Clear,sky is clear,http://openweathermap.org/img/wn/01d@2x.png,42.57,64.65,30,10,SW,0,0,1019,0,1606327200,-25200
453,Texas,El Paso,3,Fri 11/27,Clear,sky is clear,http://openweathermap.org/img/wn/01d@2x.png,46.53,66.81,28,13,SW,0,0,1015,0,1606413600,-25200
454,Texas,El Paso,4,Sat 11/28,Clear,sky is clear,http://openweathermap.org/img/wn/01d@2x.png,44.13,56.75,34,14,N,0,0,1021,0,1606500000,-25200
455,Texas,El Paso,5,Sun 11/29,Clear,sky is clear,http://openweathermap.org/img/wn/01d@2x.png,38.14,53.2,44,3,NE,0,0,1027,0,1606586400,-25200
456,Texas,Fort Worth-Dallas,1,Wed 11/25,Rain,moderate rain,http://openweathermap.org/img/wn/10d@2x.png,56.75,73.2,86,17,SE,4.42,0,1012,98,1606240800,-21600
457,Texas,Fort Worth-Dallas,2,Thu 11/26,Rain,light rain,http://openweathermap.org/img/wn/10d@2x.png,51.24,65.32,32,11,NW,0.3,0,1019,0,1606327200,-21600
458,Texas,Fort Worth-Dallas,3,Fri 11/27,Clear,sky is clear,http://openweathermap.org/img/wn/01d@2x.png,51.48,70.65,38,13,SE,0,0,1015,0,1606413600,-21600
459,Texas,Fort Worth-Dallas,4,Sat 11/28,Clouds,overcast clouds,http://openweathermap.org/img/wn/04d@2x.png,53.44,64.06,46,13,N,0,0,1018,100,1606500000,-21600
460,Texas,Fort Worth-Dallas,5,Sun 11/29,Clear,sky is clear,http://openweathermap.org/img/wn/01d@2x.png,44.76,57.69,38,11,N,0,0,1026,0,1606586400,-21600
461,Texas,Houston/Galveston,1,Wed 11/25,Rain,light rain,http://openweathermap.org/img/wn/10d@2x.png,65.41,76.08,76,17,SE,1.15,0,1016,46,1606240800,-21600
462,Texas,Houston/Galveston,2,Thu 11/26,Rain,moderate rain,http://openweathermap.org/img/wn/10d@2x.png,68.45,79.07,65,10,SW,3.26,0,1017,6,1606327200,-21600
463,Texas,Houston/Galveston,3,Fri 11/27,Clear,sky is clear,http://openweathermap.org/img/wn/01d@2x.png,61.72,73,68,7,E,0,0,1016,0,1606413600,-21600
464,Texas,Houston/Galveston,4,Sat 11/28,Rain,heavy intensity rain,http://openweathermap.org/img/wn/10d@2x.png,70.21,76.21,78,11,S,23.06,0,1015,100,1606500000,-21600
465,Texas,Houston/Galveston,5,Sun 11/29,Rain,heavy intensity rain,http://openweathermap.org/img/wn/10d@2x.png,56.61,68.63,80,16,NW,43.98,0,1020,100,1606586400,-21600
466,Texas,Lubbock,1,Wed 11/25,Rain,light rain,http://openweathermap.org/img/wn/10d@2x.png,48.07,66.69,37,29,SW,0.28,0,1006,33,1606240800,-21600
467,Texas,Lubbock,2,Thu 11/26,Clear,sky is clear,http://openweathermap.org/img/wn/01d@2x.png,39.31,62.78,33,7,SW,0,0,1018,0,1606327200,-21600
468,Texas,Lubbock,3,Fri 11/27,Clear,sky is clear,http://openweathermap.org/img/wn/01d@2x.png,45.45,70.92,23,15,SW,0,0,1011,0,1606413600,-21600
469,Texas,Lubbock,4,Sat 11/28,Clear,sky is clear,http://openweathermap.org/img/wn/01d@2x.png,40.78,53.49,43,19,N,0,0,1023,0,1606500000,-21600
470,Texas,Lubbock,5,Sun 11/29,Clear,sky is clear,http://openweathermap.org/img/wn/01d@2x.png,34.92,58.03,40,8,W,0,0,1025,0,1606586400,-21600
471,Texas,Midland/Odessa,1,Wed 11/25,Clouds,few clouds,http://openweathermap.org/img/wn/02d@2x.png,56.21,73.67,35,26,SW,0,0,1008,14,1606240800,-21600
472,Texas,Midland/Odessa,2,Thu 11/26,Clear,sky is clear,http://openweathermap.org/img/wn/01d@2x.png,42.15,65.21,34,5,SW,0,0,1019,0,1606327200,-21600
473,Texas,Midland/Odessa,3,Fri 11/27,Clear,sky is clear,http://openweathermap.org/img/wn/01d@2x.png,50.79,74.21,21,16,SW,0,0,1013,0,1606413600,-21600
474,Texas,Midland/Odessa,4,Sat 11/28,Clouds,overcast clouds,http://openweathermap.org/img/wn/04d@2x.png,44.69,56.59,42,18,N,0,0,1021,95,1606500000,-21600
475,Texas,Midland/Odessa,5,Sun 11/29,Clear,sky is clear,http://openweathermap.org/img/wn/01d@2x.png,36.72,56.66,39,6,W,0,0,1028,0,1606586400,-21600
476,Texas,San Angelo,1,Wed 11/25,Clouds,broken clouds,http://openweathermap.org/img/wn/04d@2x.png,59.4,78.64,55,22,S,0,0,1009,76,1606240800,-21600
477,Texas,San Angelo,2,Thu 11/26,Clear,sky is clear,http://openweathermap.org/img/wn/01d@2x.png,45.73,68.77,31,6,W,0,0,1019,0,1606327200,-21600
478,Texas,San Angelo,3,Fri 11/27,Clear,sky is clear,http://openweathermap.org/img/wn/01d@2x.png,54.3,77.99,26,16,S,0,0,1013,0,1606413600,-21600
479,Texas,San Angelo,4,Sat 11/28,Clouds,overcast clouds,http://openweathermap.org/img/wn/04d@2x.png,47.34,58.57,38,16,N,0,0,1021,94,1606500000,-21600
480,Texas,San Angelo,5,Sun 11/29,Clear,sky is clear,http://openweathermap.org/img/wn/01d@2x.png,38.14,60.04,35,9,N,0,0,1027,0,1606586400,-21600
481,Arizona,Flagstaff,1,Wed 11/25,Clear,sky is clear,http://openweathermap.org/img/wn/01d@2x.png,27.93,46.49,52,3,NW,0,0,1015,4,1606244400,-25200
482,Arizona,Flagstaff,2,Thu 11/26,Clear,sky is clear,http://openweathermap.org/img/wn/01d@2x.png,26.78,48.38,46,10,S,0,0,1019,0,1606330800,-25200
483,Arizona,Flagstaff,3,Fri 11/27,Snow,light snow,http://openweathermap.org/img/wn/13d@2x.png,25.11,44.08,53,12,SW,0,0.36,1016,1,1606417200,-25200
484,Arizona,Flagstaff,4,Sat 11/28,Clear,sky is clear,http://openweathermap.org/img/wn/01d@2x.png,20.14,40.93,55,13,NE,0,0,1026,0,1606503600,-25200
485,Arizona,Flagstaff,5,Sun 11/29,Clear,sky is clear,http://openweathermap.org/img/wn/01d@2x.png,26.15,53.91,34,6,E,0,0,1026,0,1606590000,-25200
486,Arizona,Phoenix,1,Wed 11/25,Clear,sky is clear,http://openweathermap.org/img/wn/01d@2x.png,54.88,67.42,28,3,SW,0,0,1014,0,1606244400,-25200
487,Arizona,Phoenix,2,Thu 11/26,Clear,sky is clear,http://openweathermap.org/img/wn/01d@2x.png,55.94,70.21,25,5,E,0,0,1019,0,1606330800,-25200
488,Arizona,Phoenix,3,Fri 11/27,Clear,sky is clear,http://openweathermap.org/img/wn/01d@2x.png,57.63,70.48,23,4,E,0,0,1015,0,1606417200,-25200
489,Arizona,Phoenix,4,Sat 11/28,Clear,sky is clear,http://openweathermap.org/img/wn/01d@2x.png,52.83,70.34,27,11,NE,0,0,1022,0,1606503600,-25200
490,Arizona,Phoenix,5,Sun 11/29,Clear,sky is clear,http://openweathermap.org/img/wn/01d@2x.png,53.4,71.11,25,7,NE,0,0,1023,0,1606590000,-25200
491,Arizona,Tucson,1,Wed 11/25,Clear,sky is clear,http://openweathermap.org/img/wn/01d@2x.png,53.56,67.73,31,10,W,0,0,1015,0,1606244400,-25200
492,Arizona,Tucson,2,Thu 11/26,Clear,sky is clear,http://openweathermap.org/img/wn/01d@2x.png,55.08,69.12,25,4,SE,0,0,1019,0,1606330800,-25200
493,Arizona,Tucson,3,Fri 11/27,Clear,sky is clear,http://openweathermap.org/img/wn/01d@2x.png,55.76,69.91,25,3,S,0,0,1016,0,1606417200,-25200
494,Arizona,Tucson,4,Sat 11/28,Clear,sky is clear,http://openweathermap.org/img/wn/01d@2x.png,53.38,67.32,29,5,NE,0,0,1020,0,1606503600,-25200
495,Arizona,Tucson,5,Sun 11/29,Clear,sky is clear,http://openweathermap.org/img/wn/01d@2x.png,52.57,68.67,28,16,E,0,0,1022,0,1606590000,-25200
496,California,Eureka,1,Wed 11/25,Rain,light rain,http://openweathermap.org/img/wn/10d@2x.png,44.58,54.21,58,5,W,1,0,1019,0,1606248000,-28800
497,California,Eureka,2,Thu 11/26,Rain,moderate rain,http://openweathermap.org/img/wn/10d@2x.png,45.34,51.82,75,6,NW,6.46,0,1025,20,1606334400,-28800
498,California,Eureka,3,Fri 11/27,Clear,sky is clear,http://openweathermap.org/img/wn/01d@2x.png,41.29,52.95,55,10,NW,0,0,1026,7,1606420800,-28800
499,California,Eureka,4,Sat 11/28,Clear,sky is clear,http://openweathermap.org/img/wn/01d@2x.png,44.85,57.49,37,4,W,0,0,1023,0,1606507200,-28800
500,California,Eureka,5,Sun 11/29,Clear,sky is clear,http://openweathermap.org/img/wn/01d@2x.png,45.82,55.62,47,6,NW,0,0,1024,0,1606593600,-28800
501,California,Los Angeles/Oxnard,1,Wed 11/25,Clear,sky is clear,http://openweathermap.org/img/wn/01d@2x.png,47.95,61.79,52,3,E,0,0,1018,0,1606244400,-28800
502,California,Los Angeles/Oxnard,2,Thu 11/26,Clear,sky is clear,http://openweathermap.org/img/wn/01d@2x.png,56.39,63.19,45,3,SE,0,0,1019,9,1606330800,-28800
503,California,Los Angeles/Oxnard,3,Fri 11/27,Clouds,scattered clouds,http://openweathermap.org/img/wn/03d@2x.png,52.7,64.96,32,9,NE,0,0,1019,34,1606417200,-28800
504,California,Los Angeles/Oxnard,4,Sat 11/28,Clear,sky is clear,http://openweathermap.org/img/wn/01d@2x.png,56.43,69.13,26,17,NE,0,0,1023,0,1606503600,-28800
505,California,Los Angeles/Oxnard,5,Sun 11/29,Clear,sky is clear,http://openweathermap.org/img/wn/01d@2x.png,57.06,68.86,26,7,NE,0,0,1022,0,1606590000,-28800
506,California,Sacramento,1,Wed 11/25,Clear,sky is clear,http://openweathermap.org/img/wn/01d@2x.png,38.61,59.7,60,1,SW,0,0,1019,0,1606244400,-28800
507,California,Sacramento,2,Thu 11/26,Clear,sky is clear,http://openweathermap.org/img/wn/01d@2x.png,46.22,58.73,68,4,W,0,0,1022,9,1606330800,-28800
508,California,Sacramento,3,Fri 11/27,Clear,sky is clear,http://openweathermap.org/img/wn/01d@2x.png,42.82,61.9,42,15,NW,0,0,1024,0,1606417200,-28800
509,California,Sacramento,4,Sat 11/28,Clear,sky is clear,http://openweathermap.org/img/wn/01d@2x.png,42.46,59.72,42,4,NW,0,0,1026,0,1606503600,-28800
510,California,Sacramento,5,Sun 11/29,Clear,sky is clear,http://openweathermap.org/img/wn/01d@2x.png,41.61,59.7,45,4,NW,0,0,1025,0,1606590000,-28800
511,California,San Diego,1,Wed 11/25,Clouds,few clouds,http://openweathermap.org/img/wn/02d@2x.png,52.25,65.84,59,2,SW,0,0,1018,19,1606244400,-28800
512,California,San Diego,2,Thu 11/26,Clear,sky is clear,http://openweathermap.org/img/wn/01d@2x.png,51.84,65.91,57,3,SW,0,0,1019,0,1606330800,-28800
513,California,San Diego,3,Fri 11/27,Clouds,few clouds,http://openweathermap.org/img/wn/02d@2x.png,51.3,65.12,56,2,W,0,0,1018,19,1606417200,-28800
514,California,San Diego,4,Sat 11/28,Clear,sky is clear,http://openweathermap.org/img/wn/01d@2x.png,50.68,70.3,21,10,NE,0,0,1023,0,1606503600,-28800
515,California,San Diego,5,Sun 11/29,Clear,sky is clear,http://openweathermap.org/img/wn/01d@2x.png,52.29,72.18,21,4,NE,0,0,1022,0,1606590000,-28800
516,California,San Francisco Bay Area/Monterey,1,Wed 11/25,Clear,sky is clear,http://openweathermap.org/img/wn/01d@2x.png,44.51,60.17,61,6,N,0,0,1020,0,1606244400,-28800
517,California,San Francisco Bay Area/Monterey,2,Thu 11/26,Clouds,scattered clouds,http://openweathermap.org/img/wn/03d@2x.png,49.57,56.68,72,10,NW,0,0,1023,47,1606330800,-28800
518,California,San Francisco Bay Area/Monterey,3,Fri 11/27,Clear,sky is clear,http://openweathermap.org/img/wn/01d@2x.png,46.96,57.49,48,7,N,0,0,1022,0,1606417200,-28800
519,California,San Francisco Bay Area/Monterey,4,Sat 11/28,Clear,sky is clear,http://openweathermap.org/img/wn/01d@2x.png,50.07,63.55,35,5,NE,0,0,1024,0,1606503600,-28800
520,California,San Francisco Bay Area/Monterey,5,Sun 11/29,Clear,sky is clear,http://openweathermap.org/img/wn/01d@2x.png,52.07,65.12,34,7,NE,0,0,1024,0,1606590000,-28800
521,California,San Joaquin Valley/Hanford,1,Wed 11/25,Clear,sky is clear,http://openweathermap.org/img/wn/01d@2x.png,37.9,62.89,61,0,NW,0,0,1019,0,1606244400,-28800
522,California,San Joaquin Valley/Hanford,2,Thu 11/26,Clear,sky is clear,http://openweathermap.org/img/wn/01d@2x.png,45.25,66.04,44,3,NW,0,0,1019,0,1606330800,-28800
523,California,San Joaquin Valley/Hanford,3,Fri 11/27,Clear,sky is clear,http://openweathermap.org/img/wn/01d@2x.png,39.58,58.19,53,3,NW,0,0,1022,0,1606417200,-28800
524,California,San Joaquin Valley/Hanford,4,Sat 11/28,Clear,sky is clear,http://openweathermap.org/img/wn/01d@2x.png,40.96,64.6,43,0,NE,0,0,1025,0,1606503600,-28800
525,California,San Joaquin Valley/Hanford,5,Sun 11/29,Clear,sky is clear,http://openweathermap.org/img/wn/01d@2x.png,40.17,64.35,39,3,W,0,0,1024,0,1606590000,-28800
526,Idaho,Boise,1,Wed 11/25,Clouds,scattered clouds,http://openweathermap.org/img/wn/03d@2x.png,25.97,41.61,71,2,S,0,0,1023,27,1606244400,-25200
527,Idaho,Boise,2,Thu 11/26,Clouds,overcast clouds,http://openweathermap.org/img/wn/04d@2x.png,33.26,40.66,78,8,W,0,0,1017,100,1606330800,-25200
528,Idaho,Boise,3,Fri 11/27,Clouds,scattered clouds,http://openweathermap.org/img/wn/03d@2x.png,30.06,41.07,74,5,NW,0,0,1030,32,1606417200,-25200
529,Idaho,Boise,4,Sat 11/28,Clouds,broken clouds,http://openweathermap.org/img/wn/04d@2x.png,30.92,42.96,68,5,SE,0,0,1033,53,1606503600,-25200
530,Idaho,Boise,5,Sun 11/29,Clouds,scattered clouds,http://openweathermap.org/img/wn/03d@2x.png,28.69,41.56,71,1,SW,0,0,1030,29,1606590000,-25200
531,Idaho,Pocatello,1,Wed 11/25,Clouds,broken clouds,http://openweathermap.org/img/wn/04d@2x.png,25.72,35.87,87,7,SW,0,0,1024,59,1606244400,-25200
532,Idaho,Pocatello,2,Thu 11/26,Clouds,broken clouds,http://openweathermap.org/img/wn/04d@2x.png,26.76,39.42,67,14,S,0,0,1016,76,1606330800,-25200
533,Idaho,Pocatello,3,Fri 11/27,Snow,light snow,http://openweathermap.org/img/wn/13d@2x.png,26.2,33.1,91,8,SW,0,0.1,1030,97,1606417200,-25200
534,Idaho,Pocatello,4,Sat 11/28,Clouds,broken clouds,http://openweathermap.org/img/wn/04d@2x.png,25.36,36.28,87,3,SE,0,0,1037,53,1606503600,-25200
535,Idaho,Pocatello,5,Sun 11/29,Clear,sky is clear,http://openweathermap.org/img/wn/01d@2x.png,24.8,40.71,75,6,SE,0,0,1032,0,1606590000,-25200
536,Montana,Billings,1,Wed 11/25,Clouds,broken clouds,http://openweathermap.org/img/wn/04d@2x.png,28.4,45.25,55,12,SW,0,0,1014,52,1606244400,-25200
537,Montana,Billings,2,Thu 11/26,Clouds,overcast clouds,http://openweathermap.org/img/wn/04d@2x.png,32.49,45.95,53,10,SW,0,0,1006,100,1606330800,-25200
538,Montana,Billings,3,Fri 11/27,Clouds,few clouds,http://openweathermap.org/img/wn/02d@2x.png,29.75,42.04,57,24,W,0,0,1019,23,1606417200,-25200
539,Montana,Billings,4,Sat 11/28,Clouds,few clouds,http://openweathermap.org/img/wn/02d@2x.png,31.17,45.99,53,21,SW,0,0,1022,11,1606503600,-25200
540,Montana,Billings,5,Sun 11/29,Clouds,scattered clouds,http://openweathermap.org/img/wn/03d@2x.png,30,48.87,47,17,SW,0,0,1016,33,1606590000,-25200
541,Montana,Glasgow,1,Wed 11/25,Clouds,few clouds,http://openweathermap.org/img/wn/02d@2x.png,17.51,31.62,91,4,SE,0,0,1015,22,1606240800,-25200
542,Montana,Glasgow,2,Thu 11/26,Clouds,broken clouds,http://openweathermap.org/img/wn/04d@2x.png,26.28,38.03,74,2,SW,0,0,1004,68,1606327200,-25200
543,Montana,Glasgow,3,Fri 11/27,Clouds,overcast clouds,http://openweathermap.org/img/wn/04d@2x.png,22.62,32.07,94,8,SW,0,0,1016,89,1606413600,-25200
544,Montana,Glasgow,4,Sat 11/28,Clouds,broken clouds,http://openweathermap.org/img/wn/04d@2x.png,23.74,36.41,85,7,SW,0,0,1019,84,1606500000,-25200
545,Montana,Glasgow,5,Sun 11/29,Clouds,broken clouds,http://openweathermap.org/img/wn/04d@2x.png,23.9,44.55,60,14,SW,0,0,1009,54,1606586400,-25200
546,Montana,Great Falls,1,Wed 11/25,Clear,sky is clear,http://openweathermap.org/img/wn/01d@2x.png,29.57,42.46,65,18,S,0,0,1013,7,1606244400,-25200
547,Montana,Great Falls,2,Thu 11/26,Clouds,overcast clouds,http://openweathermap.org/img/wn/04d@2x.png,29.26,42.4,62,21,SW,0,0,1007,95,1606330800,-25200
548,Montana,Great Falls,3,Fri 11/27,Clouds,overcast clouds,http://openweathermap.org/img/wn/04d@2x.png,29.52,41,66,19,SW,0,0,1019,89,1606417200,-25200
549,Montana,Great Falls,4,Sat 11/28,Clear,sky is clear,http://openweathermap.org/img/wn/01d@2x.png,30.56,45.68,56,20,S,0,0,1021,0,1606503600,-25200
550,Montana,Great Falls,5,Sun 11/29,Clouds,overcast clouds,http://openweathermap.org/img/wn/04d@2x.png,26.46,46.33,46,23,SW,0,0,1015,96,1606590000,-25200
551,Montana,Missoula,1,Wed 11/25,Clouds,broken clouds,http://openweathermap.org/img/wn/04d@2x.png,27.25,35.04,88,3,SW,0,0,1020,77,1606244400,-25200
552,Montana,Missoula,2,Thu 11/26,Snow,light snow,http://openweathermap.org/img/wn/13d@2x.png,27.39,34.68,84,10,SW,0,0.61,1011,99,1606330800,-25200
553,Montana,Missoula,3,Fri 11/27,Snow,light snow,http://openweathermap.org/img/wn/13d@2x.png,25.45,33.57,90,6,SW,0,0.36,1025,77,1606417200,-25200
554,Montana,Missoula,4,Sat 11/28,Clouds,scattered clouds,http://openweathermap.org/img/wn/03d@2x.png,23.83,35.64,86,3,S,0,0,1029,29,1606503600,-25200
555,Montana,Missoula,5,Sun 11/29,Clouds,scattered clouds,http://openweathermap.org/img/wn/03d@2x.png,25.25,36.55,70,9,SW,0,0,1022,41,1606590000,-25200
556,Nevada,Elko,1,Wed 11/25,Clouds,few clouds,http://openweathermap.org/img/wn/02d@2x.png,25.18,39.24,77,6,SW,0,0,1023,16,1606244400,-28800
557,Nevada,Elko,2,Thu 11/26,Snow,light snow,http://openweathermap.org/img/wn/13d@2x.png,24.73,41.34,61,14,SW,0,0.12,1016,71,1606330800,-28800
558,Nevada,Elko,3,Fri 11/27,Clouds,few clouds,http://openweathermap.org/img/wn/02d@2x.png,21.54,34.61,86,3,SW,0,0,1030,22,1606417200,-28800
559,Nevada,Elko,4,Sat 11/28,Clear,sky is clear,http://openweathermap.org/img/wn/01d@2x.png,20.23,39.4,75,1,W,0,0,1033,0,1606503600,-28800
560,Nevada,Elko,5,Sun 11/29,Clouds,scattered clouds,http://openweathermap.org/img/wn/03d@2x.png,23.81,45.66,56,1,S,0,0,1028,25,1606590000,-28800
561,Nevada,Las Vegas,1,Wed 11/25,Clear,sky is clear,http://openweathermap.org/img/wn/01d@2x.png,45.5,58.55,35,12,N,0,0,1019,0,1606244400,-28800
562,Nevada,Las Vegas,2,Thu 11/26,Clear,sky is clear,http://openweathermap.org/img/wn/01d@2x.png,41.07,64.65,34,4,E,0,0,1018,0,1606330800,-28800
563,Nevada,Las Vegas,3,Fri 11/27,Clear,sky is clear,http://openweathermap.org/img/wn/01d@2x.png,43.74,55.49,38,23,NW,0,0,1021,0,1606417200,-28800
564,Nevada,Las Vegas,4,Sat 11/28,Clear,sky is clear,http://openweathermap.org/img/wn/01d@2x.png,39.47,54.7,37,11,N,0,0,1029,0,1606503600,-28800
565,Nevada,Las Vegas,5,Sun 11/29,Clear,sky is clear,http://openweathermap.org/img/wn/01d@2x.png,37.96,57.29,34,5,N,0,0,1026,0,1606590000,-28800
566,Nevada,Reno,1,Wed 11/25,Clear,sky is clear,http://openweathermap.org/img/wn/01d@2x.png,29.46,46.44,67,2,NE,0,0,1021,0,1606244400,-28800
567,Nevada,Reno,2,Thu 11/26,Clear,sky is clear,http://openweathermap.org/img/wn/01d@2x.png,33.13,43.32,62,8,W,0,0,1018,7,1606330800,-28800
568,Nevada,Reno,3,Fri 11/27,Clear,sky is clear,http://openweathermap.org/img/wn/01d@2x.png,29.55,41.05,72,5,E,0,0,1027,0,1606417200,-28800
569,Nevada,Reno,4,Sat 11/28,Clear,sky is clear,http://openweathermap.org/img/wn/01d@2x.png,30.16,43.81,66,5,E,0,0,1029,0,1606503600,-28800
570,Nevada,Reno,5,Sun 11/29,Clear,sky is clear,http://openweathermap.org/img/wn/01d@2x.png,32.58,49.51,48,2,E,0,0,1026,1,1606590000,-28800
571,Oregon,Medford,1,Wed 11/25,Rain,light rain,http://openweathermap.org/img/wn/10d@2x.png,37.65,53.49,68,1,NE,0.18,0,1022,22,1606244400,-28800
572,Oregon,Medford,2,Thu 11/26,Rain,moderate rain,http://openweathermap.org/img/wn/10d@2x.png,36.97,42.82,80,3,SW,5.27,0,1024,98,1606330800,-28800
573,Oregon,Medford,3,Fri 11/27,Clouds,broken clouds,http://openweathermap.org/img/wn/04d@2x.png,36.19,48.49,70,2,E,0,0,1032,52,1606417200,-28800
574,Oregon,Medford,4,Sat 11/28,Clouds,scattered clouds,http://openweathermap.org/img/wn/03d@2x.png,35.26,55.38,52,2,SE,0,0,1026,46,1606503600,-28800
575,Oregon,Medford,5,Sun 11/29,Clouds,few clouds,http://openweathermap.org/img/wn/02d@2x.png,35.85,54.59,52,1,NE,0,0,1027,16,1606590000,-28800
576,Oregon,Pendleton,1,Wed 11/25,Clouds,scattered clouds,http://openweathermap.org/img/wn/03d@2x.png,34.52,53.04,60,8,SE,0,0,1021,25,1606244400,-28800
577,Oregon,Pendleton,2,Thu 11/26,Rain,light rain,http://openweathermap.org/img/wn/10d@2x.png,38.1,46.2,59,19,SW,1.14,0,1016,53,1606330800,-28800
578,Oregon,Pendleton,3,Fri 11/27,Clouds,broken clouds,http://openweathermap.org/img/wn/04d@2x.png,37.8,49.6,58,15,SW,0,0,1028,66,1606417200,-28800
579,Oregon,Pendleton,4,Sat 11/28,Clear,sky is clear,http://openweathermap.org/img/wn/01d@2x.png,37.02,51.84,54,4,E,0,0,1030,6,1606503600,-28800
580,Oregon,Pendleton,5,Sun 11/29,Clouds,broken clouds,http://openweathermap.org/img/wn/04d@2x.png,38.08,52.97,47,7,S,0,0,1028,70,1606590000,-28800
581,Oregon,Portland,1,Wed 11/25,Rain,moderate rain,http://openweathermap.org/img/wn/10d@2x.png,40.26,49.39,78,1,S,5.45,0,1020,93,1606244400,-28800
582,Oregon,Portland,2,Thu 11/26,Rain,moderate rain,http://openweathermap.org/img/wn/10d@2x.png,43.11,49.01,79,8,S,9.28,0,1018,100,1606330800,-28800
583,Oregon,Portland,3,Fri 11/27,Rain,light rain,http://openweathermap.org/img/wn/10d@2x.png,41.94,50.61,86,3,S,0.26,0,1030,92,1606417200,-28800
584,Oregon,Portland,4,Sat 11/28,Clouds,scattered clouds,http://openweathermap.org/img/wn/03d@2x.png,37.42,50.85,71,1,NW,0,0,1027,32,1606503600,-28800
585,Oregon,Portland,5,Sun 11/29,Clouds,broken clouds,http://openweathermap.org/img/wn/04d@2x.png,37.44,49.87,76,1,W,0,0,1028,75,1606590000,-28800
586,Utah,Salt Lake City,1,Wed 11/25,Clouds,broken clouds,http://openweathermap.org/img/wn/04d@2x.png,31.28,39.34,70,5,W,0,0,1022,59,1606244400,-25200
587,Utah,Salt Lake City,2,Thu 11/26,Clouds,scattered clouds,http://openweathermap.org/img/wn/03d@2x.png,34.3,48.29,50,10,S,0,0,1016,40,1606330800,-25200
588,Utah,Salt Lake City,3,Fri 11/27,Clouds,broken clouds,http://openweathermap.org/img/wn/04d@2x.png,30.52,37.38,78,6,W,0,0,1027,54,1606417200,-25200
589,Utah,Salt Lake City,4,Sat 11/28,Clear,sky is clear,http://openweathermap.org/img/wn/01d@2x.png,29.43,39.06,73,2,SE,0,0,1034,0,1606503600,-25200
590,Utah,Salt Lake City,5,Sun 11/29,Clear,sky is clear,http://openweathermap.org/img/wn/01d@2x.png,32.94,44.73,59,2,SE,0,0,1029,0,1606590000,-25200
591,Washington,Seattle,1,Wed 11/25,Rain,moderate rain,http://openweathermap.org/img/wn/10d@2x.png,41.67,47.7,77,10,S,8.61,0,1016,98,1606244400,-28800
592,Washington,Seattle,2,Thu 11/26,Rain,moderate rain,http://openweathermap.org/img/wn/10d@2x.png,39.43,47.21,85,5,S,5.65,0,1015,99,1606330800,-28800
593,Washington,Seattle,3,Fri 11/27,Rain,light rain,http://openweathermap.org/img/wn/10d@2x.png,36.95,46.67,88,2,SE,0.12,0,1029,80,1606417200,-28800
594,Washington,Seattle,4,Sat 11/28,Clouds,overcast clouds,http://openweathermap.org/img/wn/04d@2x.png,38.43,47.1,76,3,SE,0,0,1026,97,1606503600,-28800
595,Washington,Seattle,5,Sun 11/29,Rain,light rain,http://openweathermap.org/img/wn/10d@2x.png,37.6,48.69,67,4,NE,0.4,0,1028,95,1606590000,-28800
596,Washington,Spokane,1,Wed 11/25,Clouds,overcast clouds,http://openweathermap.org/img/wn/04d@2x.png,31.41,38.32,86,9,S,0,0,1021,98,1606244400,-28800
597,Washington,Spokane,2,Thu 11/26,Rain,light rain,http://openweathermap.org/img/wn/10d@2x.png,31.98,40.42,80,15,SW,2.42,0,1012,81,1606330800,-28800
598,Washington,Spokane,3,Fri 11/27,Clouds,broken clouds,http://openweathermap.org/img/wn/04d@2x.png,29.61,35.47,90,9,S,0,0,1027,61,1606417200,-28800
599,Washington,Spokane,4,Sat 11/28,Clouds,overcast clouds,http://openweathermap.org/img/wn/04d@2x.png,30.24,39.29,83,4,SE,0,0,1030,90,1606503600,-28800
600,Washington,Spokane,5,Sun 11/29,Clouds,broken clouds,http://openweathermap.org/img/wn/04d@2x.png,30.43,43.09,78,7,SW,0,0,1027,53,1606590000,-28800
